"id","cliente","tipo","recovery_type","confidence","current_status","recovered_status","approved_amount","current_paid_amount","recovered_paid_amount","current_document_number","recovered_document_number","current_settlement_date","recovered_settlement_date","evidence"
"sale-report-1777415680528393","EL PALOMAR","cheque","cheque_canjeado_palomar","high","pendienteCheque","chequeCanjeado","68076.00","0.00","68076.00","","","","2026-04-28T17:31:34.516523Z","mayoreo_palomar_movements:remisionAplicada | source_report_id:sale-report-1777415680528393"
"sale-report-1777494177291470","EL PALOMAR","cheque","cheque_canjeado_palomar","high","pendienteCheque","chequeCanjeado","79668.00","0.00","79668.00","","","","2026-04-28T00:00:00.000Z","mayoreo_palomar_movements:remisionAplicada | source_report_id:sale-report-1777494177291470"
"sale-report-1777494223851293","EL PALOMAR","cheque","cheque_canjeado_palomar","high","pendienteCheque","chequeCanjeado","78422.40","0.00","78422.40","","","","2026-04-28T00:00:00.000Z","mayoreo_palomar_movements:remisionAplicada | source_report_id:sale-report-1777494223851293"
"sale-report-1777494295555016","EL PALOMAR","cheque","cheque_canjeado_palomar","high","pendienteCheque","chequeCanjeado","86428.00","0.00","86428.00","","","","2026-04-28T00:00:00.000Z","mayoreo_palomar_movements:remisionAplicada | source_report_id:sale-report-1777494295555016"
"sale-report-1777494543362992","EL PALOMAR","cheque","cheque_canjeado_palomar","high","pendienteCheque","chequeCanjeado","49203.00","0.00","49203.00","","","","2026-04-28T00:00:00.000Z","mayoreo_palomar_movements:remisionAplicada | source_report_id:sale-report-1777494543362992"
"sale-report-1777497725625588","EL PALOMAR","cheque","cheque_canjeado_palomar","high","pendienteCheque","chequeCanjeado","10000.00","0.00","10000.00","","","","2026-04-29T15:20:58.346758Z","mayoreo_palomar_movements:remisionAplicada | source_report_id:sale-report-1777497725625588"
"sale-report-1777562955848107","EL PALOMAR","cheque","cheque_canjeado_palomar","high","pendienteCheque","chequeCanjeado","51186.00","0.00","51186.00","","","","2026-04-29T00:00:00.000Z","mayoreo_palomar_movements:remisionAplicada | source_report_id:sale-report-1777562955848107"
"sale-report-1777569431271121","EL PALOMAR","cheque","cheque_canjeado_palomar","high","pendienteCheque","chequeCanjeado","73896.00","0.00","73896.00","","","","2026-04-29T00:00:00.000Z","mayoreo_palomar_movements:remisionAplicada | source_report_id:sale-report-1777569431271121"
"sale-report-1777593034035133","EL PALOMAR","cheque","cheque_canjeado_palomar","high","pendienteCheque","chequeCanjeado","51558.00","0.00","51558.00","","","","2026-04-30T17:49:19.734164Z","mayoreo_palomar_movements:remisionAplicada | source_report_id:sale-report-1777593034035133"
"sale-report-1778196967039115","EL PALOMAR","cheque","cheque_canjeado_palomar","high","pendienteCheque","chequeCanjeado","63432.00","0.00","63432.00","","","","2026-05-07T17:35:38.093295Z","mayoreo_palomar_movements:remisionAplicada | source_report_id:sale-report-1778196967039115"
"sale-report-1778196993391608","EL PALOMAR","cheque","cheque_canjeado_palomar","high","pendienteCheque","chequeCanjeado","63816.00","0.00","63816.00","","","","2026-05-07T17:36:13.936523Z","mayoreo_palomar_movements:remisionAplicada | source_report_id:sale-report-1778196993391608"
"sale-report-1778197029399131","EL PALOMAR","cheque","cheque_canjeado_palomar","high","pendienteCheque","chequeCanjeado","76452.00","0.00","76452.00","","","","2026-05-07T17:36:40.209508Z","mayoreo_palomar_movements:remisionAplicada | source_report_id:sale-report-1778197029399131"
"sale-report-1778512322240383","EL PALOMAR","cheque","cheque_canjeado_palomar","high","pendienteCheque","chequeCanjeado","65962.00","0.00","65962.00","","","","2026-05-08T00:00:00.000Z","mayoreo_palomar_movements:remisionAplicada | source_report_id:sale-report-1778512322240383"
"sale-report-1778512368953298","EL PALOMAR","cheque","cheque_canjeado_palomar","high","pendienteCheque","chequeCanjeado","100200.00","0.00","100200.00","","","","2026-05-08T00:00:00.000Z","mayoreo_palomar_movements:remisionAplicada | source_report_id:sale-report-1778512368953298"
"sale-report-1778683507300319","EL PALOMAR","cheque","cheque_canjeado_palomar","high","pendienteCheque","chequeCanjeado","68820.00","0.00","68820.00","","","","2026-05-12T00:00:00.000Z","mayoreo_palomar_movements:remisionAplicada | source_report_id:sale-report-1778683507300319"
"sale-report-1778683535526431","EL PALOMAR","cheque","cheque_canjeado_palomar","high","pendienteCheque","chequeCanjeado","70567.20","0.00","70567.20","","","","2026-05-12T00:00:00.000Z","mayoreo_palomar_movements:remisionAplicada | source_report_id:sale-report-1778683535526431"
"sale-report-1778868679247600","EL PALOMAR","cheque","cheque_canjeado_palomar","high","pendienteCheque","chequeCanjeado","106800.00","0.00","106800.00","","","","2026-05-15T12:09:36.393912Z","mayoreo_palomar_movements:remisionAplicada | source_report_id:sale-report-1778868679247600"
"sale-report-1778884349660580","EL PALOMAR","cheque","cheque_canjeado_palomar","high","pendienteCheque","chequeCanjeado","73750.00","0.00","73750.00","","","","2026-05-15T16:31:52.014499Z","mayoreo_palomar_movements:remisionAplicada | source_report_id:sale-report-1778884349660580"
"sale-report-1779118983224803","EL PALOMAR","cheque","cheque_canjeado_palomar","high","pendienteCheque","chequeCanjeado","95400.00","0.00","95400.00","","","","2026-05-16T00:00:00.000Z","mayoreo_palomar_movements:remisionAplicada | source_report_id:sale-report-1779118983224803"
"sale-report-1779148370417159","EL PALOMAR","cheque","cheque_canjeado_palomar","high","pendienteCheque","chequeCanjeado","92300.00","0.00","92300.00","","","","2026-05-18T17:52:09.768671Z","mayoreo_palomar_movements:remisionAplicada | source_report_id:sale-report-1779148370417159"
"sale-report-1779220978128205","EL PALOMAR","cheque","cheque_canjeado_palomar","high","pendienteCheque","chequeCanjeado","148941.00","0.00","148941.00","","","","2026-05-19T14:02:11.771303Z","mayoreo_palomar_movements:remisionAplicada | source_report_id:sale-report-1779220978128205"
"sale-report-1779234621497885","EL PALOMAR","cheque","cheque_canjeado_palomar","high","pendienteCheque","chequeCanjeado","67953.60","0.00","67953.60","","","","2026-05-19T17:49:55.419960Z","mayoreo_palomar_movements:remisionAplicada | source_report_id:sale-report-1779234621497885"
"sale-report-1779234642385911","EL PALOMAR","cheque","cheque_canjeado_palomar","high","pendienteCheque","chequeCanjeado","69744.00","0.00","69744.00","","","","2026-05-19T17:50:25.035496Z","mayoreo_palomar_movements:remisionAplicada | source_report_id:sale-report-1779234642385911"
"sale-report-1779401688009432","EL PALOMAR","cheque","cheque_canjeado_palomar","high","pendienteCheque","chequeCanjeado","131521.00","0.00","131521.00","","","","2026-05-21T16:14:13.424958Z","mayoreo_palomar_movements:remisionAplicada | source_report_id:sale-report-1779401688009432"
"sale-report-1779492332119693","EL PALOMAR","cheque","cheque_canjeado_palomar","high","pendienteCheque","chequeCanjeado","78182.00","0.00","78182.00","","","","2026-05-22T17:24:53.944509Z","mayoreo_palomar_movements:remisionAplicada | source_report_id:sale-report-1779492332119693"
"sale-report-1779721755953221","EL PALOMAR","cheque","cheque_canjeado_palomar","high","pendienteCheque","chequeCanjeado","56760.00","0.00","56760.00","","","","2026-05-22T00:00:00.000Z","mayoreo_palomar_movements:remisionAplicada | source_report_id:sale-report-1779721755953221"
"sale-report-1779721782516179","EL PALOMAR","cheque","cheque_canjeado_palomar","high","pendienteCheque","chequeCanjeado","66528.00","0.00","66528.00","","","","2026-05-22T00:00:00.000Z","mayoreo_palomar_movements:remisionAplicada | source_report_id:sale-report-1779721782516179"
"sale-report-1779752556194187","EL PALOMAR","cheque","cheque_canjeado_palomar","high","pendienteCheque","chequeCanjeado","93130.00","0.00","93130.00","","","","2026-05-25T17:42:04.957841Z","mayoreo_palomar_movements:remisionAplicada | source_report_id:sale-report-1779752556194187"
"sale-report-1780356772018025","EL PALOMAR","cheque","cheque_canjeado_palomar","high","pendienteCheque","chequeCanjeado","75396.00","0.00","75396.00","","","","2026-06-01T17:32:19.762111Z","mayoreo_palomar_movements:remisionAplicada | source_report_id:sale-report-1780356772018025"
"sale-report-1780438179170400","EL PALOMAR","cheque","cheque_canjeado_palomar","high","pendienteCheque","chequeCanjeado","120771.00","0.00","120771.00","","","","2026-06-02T16:09:08.903109Z","mayoreo_palomar_movements:remisionAplicada | source_report_id:sale-report-1780438179170400"
"sale-report-1780526892855471","EL PALOMAR","cheque","cheque_canjeado_palomar","high","pendienteCheque","chequeCanjeado","66055.20","0.00","66055.20","","","","2026-05-28T00:00:00.000Z","mayoreo_palomar_movements:remisionAplicada | source_report_id:sale-report-1780526892855471"
"sale-report-1780526930119477","EL PALOMAR","cheque","cheque_canjeado_palomar","high","pendienteCheque","chequeCanjeado","68167.20","0.00","68167.20","","","","2026-05-28T00:00:00.000Z","mayoreo_palomar_movements:remisionAplicada | source_report_id:sale-report-1780526930119477"
"sale-report-1780703733307541","EL PALOMAR","cheque","cheque_canjeado_palomar","high","pendienteCheque","chequeCanjeado","72168.00","0.00","72168.00","","","","2026-06-05T17:55:00.069804Z","mayoreo_palomar_movements:remisionAplicada | source_report_id:sale-report-1780703733307541"
"sale-report-1781104729415768","EL PALOMAR","cheque","cheque_canjeado_palomar","high","pendienteCheque","chequeCanjeado","75492.00","0.00","75492.00","","","","2026-06-09T00:00:00.000Z","mayoreo_palomar_movements:remisionAplicada | source_report_id:sale-report-1781104729415768"
"sale-report-1781104759440312","EL PALOMAR","cheque","cheque_canjeado_palomar","high","pendienteCheque","chequeCanjeado","71882.40","0.00","71882.40","","","","2026-06-09T00:00:00.000Z","mayoreo_palomar_movements:remisionAplicada | source_report_id:sale-report-1781104759440312"
"sale-report-1781287689100851","EL PALOMAR","cheque","cheque_canjeado_palomar","high","pendienteCheque","chequeCanjeado","117008.00","0.00","117008.00","","","","2026-06-12T12:07:07.061217Z","mayoreo_palomar_movements:remisionAplicada | source_report_id:sale-report-1781287689100851"
"sale-report-1781305422598558","EL PALOMAR","cheque","cheque_canjeado_palomar","high","pendienteCheque","chequeCanjeado","141360.00","0.00","141360.00","","","","2026-06-12T17:02:45.712130Z","mayoreo_palomar_movements:remisionAplicada | source_report_id:sale-report-1781305422598558"
"sale-report-1781534603906521","EL PALOMAR","cheque","cheque_canjeado_palomar","high","pendienteCheque","chequeCanjeado","38056.00","0.00","38056.00","","","","2026-06-12T00:00:00.000Z","mayoreo_palomar_movements:remisionAplicada | source_report_id:sale-report-1781534603906521"
"sale-report-1781534878466236","EL PALOMAR","cheque","cheque_canjeado_palomar","high","pendienteCheque","chequeCanjeado","73704.00","0.00","73704.00","","","","2026-06-12T00:00:00.000Z","mayoreo_palomar_movements:remisionAplicada | source_report_id:sale-report-1781534878466236"
"sale-report-1781534911257965","EL PALOMAR","cheque","cheque_canjeado_palomar","high","pendienteCheque","chequeCanjeado","74270.40","0.00","74270.40","","","","2026-06-12T00:00:00.000Z","mayoreo_palomar_movements:remisionAplicada | source_report_id:sale-report-1781534911257965"
"sale-report-1782147042411577","EL PALOMAR","cheque","cheque_canjeado_palomar","high","pendienteCheque","chequeCanjeado","94805.00","0.00","94805.00","","","","2026-06-19T00:00:00.000Z","mayoreo_palomar_movements:remisionAplicada | source_report_id:sale-report-1782147042411577"
"sale-report-1782147103580312","EL PALOMAR","cheque","cheque_canjeado_palomar","high","pendienteCheque","chequeCanjeado","85434.00","0.00","85434.00","","","","2026-06-19T00:00:00.000Z","mayoreo_palomar_movements:remisionAplicada | source_report_id:sale-report-1782147103580312"
"sale-report-1782171743033403","EL PALOMAR","cheque","cheque_canjeado_palomar","high","pendienteCheque","chequeCanjeado","80347.20","0.00","80347.20","","","","2026-06-22T17:41:58.925227Z","mayoreo_palomar_movements:remisionAplicada | source_report_id:sale-report-1782171743033403"
"sale-report-1782320333062776","EL PALOMAR","cheque","cheque_canjeado_palomar","high","pendienteCheque","chequeCanjeado","75031.20","0.00","75031.20","","","","2026-06-23T00:00:00.000Z","mayoreo_palomar_movements:remisionAplicada | source_report_id:sale-report-1782320333062776"
"sale-report-1782400680343289","EL PALOMAR","cheque","cheque_canjeado_palomar","high","pendienteCheque","chequeCanjeado","61439.00","0.00","61439.00","","","","2026-06-24T00:00:00.000Z","mayoreo_palomar_movements:remisionAplicada | source_report_id:sale-report-1782400680343289"
"sale-report-1782400749975246","EL PALOMAR","cheque","cheque_canjeado_palomar","high","pendienteCheque","chequeCanjeado","27873.00","0.00","27873.00","","","","2026-06-24T00:00:00.000Z","mayoreo_palomar_movements:remisionAplicada | source_report_id:sale-report-1782400749975246"
"sale-report-1782400880839398","EL PALOMAR","cheque","cheque_canjeado_palomar","high","pendienteCheque","chequeCanjeado","51040.00","0.00","51040.00","","","","2026-06-24T00:00:00.000Z","mayoreo_palomar_movements:remisionAplicada | source_report_id:sale-report-1782400880839398"
"sale-report-1783008900703506","EL PALOMAR","cheque","cheque_canjeado_palomar","high","pendienteCheque","chequeCanjeado","71152.80","0.00","71152.80","","","","2026-07-01T00:00:00.000Z","mayoreo_palomar_movements:remisionAplicada | source_report_id:sale-report-1783008900703506"
"sale-report-1783008929431986","EL PALOMAR","cheque","cheque_canjeado_palomar","high","pendienteCheque","chequeCanjeado","71851.20","0.00","71851.20","","","","2026-07-01T00:00:00.000Z","mayoreo_palomar_movements:remisionAplicada | source_report_id:sale-report-1783008929431986"
"sale-report-1783090069792517","EL PALOMAR","cheque","cheque_canjeado_palomar","high","pendienteCheque","chequeCanjeado","73505.00","0.00","73505.00","","","","2026-07-02T00:00:00.000Z","mayoreo_palomar_movements:remisionAplicada | source_report_id:sale-report-1783090069792517"
"sale-report-1783116324914468","EL PALOMAR","cheque","cheque_canjeado_palomar","high","pendienteCheque","chequeCanjeado","107136.00","0.00","107136.00","","","","2026-07-03T16:04:38.966408Z","mayoreo_palomar_movements:remisionAplicada | source_report_id:sale-report-1783116324914468"
"sale-report-1783350283241401","EL PALOMAR","cheque","cheque_canjeado_palomar","high","pendienteCheque","chequeCanjeado","62643.00","0.00","62643.00","","","","2026-07-03T00:00:00.000Z","mayoreo_palomar_movements:remisionAplicada | source_report_id:sale-report-1783350283241401"
"sale-report-1783350467984586","EL PALOMAR","cheque","cheque_canjeado_palomar","high","pendienteCheque","chequeCanjeado","115709.30","0.00","115709.30","","","","2026-07-03T00:00:00.000Z","mayoreo_palomar_movements:remisionAplicada | source_report_id:sale-report-1783350467984586"
"sale-report-1783608008955679","EL PALOMAR","cheque","cheque_canjeado_palomar","high","pendienteCheque","chequeCanjeado","70099.20","0.00","70099.20","","","","2026-07-08T00:00:00.000Z","mayoreo_palomar_movements:remisionAplicada | source_report_id:sale-report-1783608008955679"
"sale-report-1783608048379403","EL PALOMAR","cheque","cheque_canjeado_palomar","high","pendienteCheque","chequeCanjeado","70063.20","0.00","70063.20","","","","2026-07-08T00:00:00.000Z","mayoreo_palomar_movements:remisionAplicada | source_report_id:sale-report-1783608048379403"
"sale-report-1784235214528434","EL PALOMAR","cheque","cheque_canjeado_palomar","high","pendienteCheque","chequeCanjeado","118788.00","0.00","118788.00","","","","2026-07-15T00:00:00.000Z","mayoreo_palomar_movements:remisionAplicada | source_report_id:sale-report-1784235214528434"
"sale-report-1784240336791627","EL PALOMAR","cheque","cheque_canjeado_palomar","high","pendienteCheque","chequeCanjeado","130500.00","0.00","130500.00","","","","2026-07-16T16:17:46.463171Z","mayoreo_palomar_movements:remisionAplicada | source_report_id:sale-report-1784240336791627"
"sale-report-1784311203468657","EL PALOMAR","cheque","cheque_canjeado_palomar","high","pendienteCheque","chequeCanjeado","69854.40","0.00","69854.40","","","","2026-07-16T00:00:00.000Z","mayoreo_palomar_movements:remisionAplicada | source_report_id:sale-report-1784311203468657"
"sale-report-1784312043115690","EL PALOMAR","cheque","cheque_canjeado_palomar","high","pendienteCheque","chequeCanjeado","73008.00","0.00","73008.00","","","","2026-07-16T00:00:00.000Z","mayoreo_palomar_movements:remisionAplicada | source_report_id:sale-report-1784312043115690"
"sale-report-1784312907274984","EL PALOMAR","cheque","cheque_canjeado_palomar","high","pendienteCheque","chequeCanjeado","49344.00","0.00","49344.00","","","","2026-07-16T00:00:00.000Z","mayoreo_palomar_movements:remisionAplicada | source_report_id:sale-report-1784312907274984"
"sale-report-1785369260317386","EL PALOMAR","cheque","cheque_canjeado_palomar","high","pendienteCheque","chequeCanjeado","50760.00","0.00","50760.00","","","","2026-07-29T17:53:58.955085Z","mayoreo_palomar_movements:remisionAplicada | source_report_id:sale-report-1785369260317386"
"sale-report-1777914458896477","MONROE MEXICO","factura","factura_pagada_por_banco","high","pendienteFactura","pagada","34073.84","34073.84","34073.84","","B-3075","2026-07-02T00:00:00.000Z","2026-07-02T00:00:00.000Z","finanzas_bank_movements:VENTA_FACTURA | bank_reference:B-3075"
"sale-report-1777914628986875","MONROE MEXICO","factura","factura_pagada_por_banco","high","pendienteFactura","pagada","28041.84","28041.84","28041.84","","B-3108","2026-06-18T00:00:00.000Z","2026-06-18T00:00:00.000Z","finanzas_bank_movements:VENTA_FACTURA | bank_reference:B-3108"
"sale-report-1777918784539475","KS","factura","factura_pagada_por_banco","high","pendienteFactura","pagada","10055.89","10055.89","10055.89","","B-3116","2026-06-24T00:00:00.000Z","2026-06-24T00:00:00.000Z","finanzas_bank_movements:VENTA_FACTURA | bank_reference:B-3116"
"sale-report-1778085317505115","SETEX","factura","factura_pagada_por_banco","high","pendienteFactura","pagada","34277.42","34277.42","34277.42","","B-3138","2026-06-11T00:00:00.000Z","2026-06-11T00:00:00.000Z","finanzas_bank_movements:VENTA_FACTURA | bank_reference:B-3138"
"sale-report-1780502789268785","BIO PAPPEL","factura","factura_pagada_por_banco","high","pendienteFactura","pagada","61010.40","61010.40","61010.40","","B-3172","2026-06-11T00:00:00.000Z","2026-06-11T00:00:00.000Z","finanzas_bank_movements:VENTA_FACTURA | bank_reference:B-3172"
"sale-report-1780671770356201","BIO PAPPEL","factura","factura_pagada_por_banco","high","pendienteFactura","pagada","62739.60","62739.60","62739.60","","B-3175","2026-06-15T00:00:00.000Z","2026-06-15T00:00:00.000Z","finanzas_bank_movements:VENTA_FACTURA | bank_reference:B-3175"
"sale-report-1780671822887530","BIO PAPPEL","factura","factura_pagada_por_banco","high","pendienteFactura","pagada","56573.00","56573.00","56573.00","","B-3176","2026-06-15T00:00:00.000Z","2026-06-15T00:00:00.000Z","finanzas_bank_movements:VENTA_FACTURA | bank_reference:B-3176"
"sale-report-1780942917081167","BIO PAPPEL","factura","factura_pagada_por_banco","high","pendienteFactura","pagada","56940.40","56940.40","56940.40","","B-3178","2026-06-16T00:00:00.000Z","2026-06-16T00:00:00.000Z","finanzas_bank_movements:VENTA_FACTURA | bank_reference:B-3178"
"sale-report-1781104067432239","DESPERDICIOS QUERETANA TOLUCA","factura","factura_pagada_por_banco","high","pendienteFactura","pagada","120581.60","120581.60","120581.60","","B-3180","2026-06-10T00:00:00.000Z","2026-06-10T00:00:00.000Z","finanzas_bank_movements:VENTA_FACTURA | bank_reference:B-3180"
"sale-report-1781104134472548","DESPERDICIOS QUERETANA SAN PABLO","factura","factura_pagada_por_banco","high","pendienteFactura","pagada","76027.50","76027.50","76027.50","","B-3181","2026-06-17T00:00:00.000Z","2026-06-17T00:00:00.000Z","finanzas_bank_movements:VENTA_FACTURA | bank_reference:B-3181"
"sale-report-1781104311167952","DESPERDICIOS QUERETANA SAN PABLO","factura","factura_pagada_por_banco","high","pendienteFactura","pagada","73225.00","73225.00","73225.00","","B-3181","2026-06-16T00:00:00.000Z","2026-06-16T00:00:00.000Z","finanzas_bank_movements:VENTA_FACTURA | bank_reference:B-3181"
"sale-report-1781191130783276","BIO PAPPEL","factura","factura_pagada_por_banco","high","pendienteFactura","pagada","63973.80","63973.80","63973.80","","B-3185","2026-06-22T00:00:00.000Z","2026-06-22T00:00:00.000Z","finanzas_bank_movements:VENTA_FACTURA | bank_reference:B-3185"
"sale-report-1781279597684831","DESPERDICIOS QUERETANA SAN PABLO","factura","factura_pagada_por_banco","high","pendienteFactura","pagada","74360.00","74360.00","74360.00","","C-582","2026-06-15T00:00:00.000Z","2026-06-15T00:00:00.000Z","finanzas_bank_movements:VENTA_FACTURA | bank_reference:C-582"
"sale-report-1781279621853209","DESPERDICIOS QUERETANA SAN PABLO","factura","factura_pagada_por_banco","high","pendienteFactura","pagada","75075.00","75075.00","75075.00","","B-3188","2026-06-15T00:00:00.000Z","2026-06-15T00:00:00.000Z","finanzas_bank_movements:VENTA_FACTURA | bank_reference:B-3188"
"sale-report-1781279653309572","DESPERDICIOS QUERETANA TOLUCA","factura","factura_pagada_por_banco","high","pendienteFactura","pagada","115185.60","115185.60","115185.60","","B-3187","2026-06-12T00:00:00.000Z","2026-06-12T00:00:00.000Z","finanzas_bank_movements:VENTA_FACTURA | bank_reference:B-3187"
"sale-report-1781286291091449","BIO PAPPEL","factura","factura_pagada_por_banco","high","pendienteFactura","pagada","72960.80","72960.80","72960.80","","B-3189","2026-06-22T00:00:00.000Z","2026-06-22T00:00:00.000Z","finanzas_bank_movements:VENTA_FACTURA | bank_reference:B-3189"
"sale-report-1781534972465830","DESPERDICIOS QUERETANA SAN PABLO","factura","factura_pagada_por_banco","high","pendienteFactura","pagada","78050.00","78050.00","78050.00","","B-3191","2026-06-16T00:00:00.000Z","2026-06-16T00:00:00.000Z","finanzas_bank_movements:VENTA_FACTURA | bank_reference:B-3191"
"sale-report-1781535080706253","BIO PAPPEL","factura","factura_pagada_por_banco","high","pendienteFactura","pagada","64946.20","64946.20","64946.20","","B-3190","2026-06-23T00:00:00.000Z","2026-06-23T00:00:00.000Z","finanzas_bank_movements:VENTA_FACTURA | bank_reference:B-3190"
"sale-report-1781542030797319","DESPERDICIOS QUERETANA SAN PABLO","factura","factura_pagada_por_banco","high","pendienteFactura","pagada","78025.00","78025.00","78025.00","","B-3191","2026-06-16T00:00:00.000Z","2026-06-16T00:00:00.000Z","finanzas_bank_movements:VENTA_FACTURA | bank_reference:B-3191"
"sale-report-1781708751723589","DESPERDICIOS QUERETANA SAN PABLO","factura","factura_pagada_por_banco","high","pendienteFactura","pagada","77420.00","77420.00","77420.00","","B-3192","2026-06-17T00:00:00.000Z","2026-06-17T00:00:00.000Z","finanzas_bank_movements:VENTA_FACTURA | bank_reference:B-3192"
"sale-report-1781708785684182","DESPERDICIOS QUERETANA SAN PABLO","factura","factura_pagada_por_banco","high","pendienteFactura","pagada","77042.50","77042.50","77042.50","","B-3192","2026-06-17T00:00:00.000Z","2026-06-17T00:00:00.000Z","finanzas_bank_movements:VENTA_FACTURA | bank_reference:B-3192"
"sale-report-1781728646479383","DESPERDICIOS QUERETANA TOLUCA","factura","factura_pagada_por_banco","high","pendienteFactura","pagada","92769.40","92769.40","92769.40","","B-3193","2026-06-18T00:00:00.000Z","2026-06-18T00:00:00.000Z","finanzas_bank_movements:VENTA_FACTURA | bank_reference:B-3193"
"sale-report-1782239534900179","BIO PAPPEL","factura","factura_pagada_por_banco","high","pendienteFactura","pagada","71918.00","71918.00","71918.00","","F-3197","2026-07-02T00:00:00.000Z","2026-07-02T00:00:00.000Z","finanzas_bank_movements:VENTA_FACTURA | bank_reference:F-3197"
"sale-report-1782321655008745","DESPERDICIOS QUERETANA TOLUCA","factura","factura_pagada_por_banco","high","pendienteFactura","pagada","125381.00","125381.00","125381.00","","B-3198","2026-06-26T00:00:00.000Z","2026-06-26T00:00:00.000Z","finanzas_bank_movements:VENTA_FACTURA | bank_reference:B-3198"
"sale-report-1782495724920436","DESPERDICIOS QUERETANA SAN PABLO","factura","factura_pagada_por_banco","high","pendienteFactura","pagada","72375.00","72375.00","72375.00","","B-3202","2026-07-01T00:00:00.000Z","2026-07-01T00:00:00.000Z","finanzas_bank_movements:VENTA_FACTURA | bank_reference:B-3202"
"sale-report-1782504494677460","BIO PAPPEL","factura","factura_pagada_por_banco","high","pendienteFactura","pagada","63208.20","63208.20","63208.20","","B-3200","2026-07-06T00:00:00.000Z","2026-07-06T00:00:00.000Z","finanzas_bank_movements:VENTA_FACTURA | bank_reference:B-3200"
"sale-report-1782505114223444","DESPERDICIOS QUERETANA SAN PABLO","factura","factura_pagada_por_banco","high","pendienteFactura","pagada","79025.00","79025.00","79025.00","","B-3202","2026-07-01T00:00:00.000Z","2026-07-01T00:00:00.000Z","finanzas_bank_movements:VENTA_FACTURA | bank_reference:B-3202"
"sale-report-1782837595162405","BIO PAPPEL","factura","factura_pagada_por_banco","high","pendienteFactura","pagada","60073.20","60073.20","60073.20","","B-3203","2026-07-09T00:00:00.000Z","2026-07-09T00:00:00.000Z","finanzas_bank_movements:VENTA_FACTURA | bank_reference:B-3203"
"sale-report-1782917855921885","DESPERDICIOS QUERETANA TOLUCA","factura","factura_pagada_por_banco","high","pendienteFactura","pagada","112613.00","112613.00","112613.00","","C-584","2026-07-01T00:00:00.000Z","2026-07-01T00:00:00.000Z","finanzas_bank_movements:VENTA_FACTURA | bank_reference:C-584"
"sale-report-1783009537239764","BIO PAPPEL","factura","factura_pagada_por_banco","high","pendienteFactura","pagada","62011.40","62011.40","62011.40","","B-3204","2026-07-13T00:00:00.000Z","2026-07-13T00:00:00.000Z","finanzas_bank_movements:VENTA_FACTURA | bank_reference:B-3204"
"sale-report-1783009609423582","BIO PAPPEL","factura","factura_pagada_por_banco","high","pendienteFactura","pagada","62968.40","62968.40","62968.40","","B-3211","2026-07-17T00:00:00.000Z","2026-07-17T00:00:00.000Z","finanzas_bank_movements:VENTA_FACTURA | bank_reference:B-3211"
"sale-report-1783118201363365","DESPERDICIOS QUERETANA TOLUCA","factura","factura_pagada_por_banco","high","pendienteFactura","pagada","106673.60","106673.60","106673.60","","B-3205","2026-07-06T00:00:00.000Z","2026-07-06T00:00:00.000Z","finanzas_bank_movements:VENTA_FACTURA | bank_reference:B-3205"
"sale-report-1783612754301948","BIO PAPPEL","factura","factura_pagada_por_banco","high","pendienteFactura","pagada","65091.40","65091.40","65091.40","","B-3216","2026-07-21T00:00:00.000Z","2026-07-21T00:00:00.000Z","finanzas_bank_movements:VENTA_FACTURA | bank_reference:B-3216"
"sale-report-1783725684407623","BIO PAPPEL","factura","factura_pagada_por_banco","high","pendienteFactura","pagada","62299.60","62299.60","62299.60","","B-3217","2026-07-22T00:00:00.000Z","2026-07-22T00:00:00.000Z","finanzas_bank_movements:VENTA_FACTURA | bank_reference:B-3217"
"sale-report-1784129808605826","BIO PAPPEL","factura","factura_pagada_por_banco","high","pendienteFactura","pagada","62123.60","62123.60","62123.60","","B-3218","2026-07-23T00:00:00.000Z","2026-07-23T00:00:00.000Z","finanzas_bank_movements:VENTA_FACTURA | bank_reference:B-3218"
"sale-report-1784311087845494","BIO PAPPEL","factura","factura_pagada_por_banco","high","pendienteFactura","pagada","61054.40","61054.40","61054.40","","B-3226","2026-07-29T00:00:00.000Z","2026-07-29T00:00:00.000Z","finanzas_bank_movements:VENTA_FACTURA | bank_reference:B-3226"
"sale-report-1784755429435751","BIO PAPPEL","factura","factura_pagada_por_banco","high","pendienteFactura","pagada","62057.60","62057.60","62057.60","","B-3229","2026-07-29T00:00:00.000Z","2026-07-29T00:00:00.000Z","finanzas_bank_movements:VENTA_FACTURA | bank_reference:B-3229"
"sale-report-1785167680109490","DESPERDICIOS QUERETANA TOLUCA","factura","factura_pagada_por_banco","high","pendienteFactura","pagada","107224.60","107224.60","107224.60","","B-3236","2026-07-27T00:00:00.000Z","2026-07-27T00:00:00.000Z","finanzas_bank_movements:VENTA_FACTURA | bank_reference:B-3236"
"sale-report-1777497947506469","BIO PAPPEL","factura","factura_con_folio_en_observaciones","medium","pendienteFactura","facturadaPendientePago","52795.60","0.00","0.00","","B-3134","","","sale_notes:FACT. B-3134"
"sale-report-1777498091578579","DESPERDICIOS QUERETANA SAN PABLO","factura","factura_con_folio_en_observaciones","medium","pendienteFactura","facturadaPendientePago","69450.00","0.00","0.00","","C-578","","","sale_notes:fact. C-578"
"sale-report-1777498240874643","DESPERDICIOS QUERETANA SAN PABLO","factura","factura_con_folio_en_observaciones","medium","pendienteFactura","facturadaPendientePago","66082.50","0.00","0.00","","C-578","","","sale_notes:fact.C-578"
"sale-report-1777574752254326","GRUPAK","factura","factura_con_folio_en_observaciones","medium","pendienteFactura","facturadaPendientePago","35910.35","0.00","0.00","","B-3135","","","sale_notes:FACT. B-3135"
"sale-report-1777574910094912","GRUPAK","factura","factura_con_folio_en_observaciones","medium","pendienteFactura","facturadaPendientePago","17941.90","0.00","0.00","","B-3135","","","sale_notes:FACT.B-3135"
"sale-report-1777575029518510","DESPERDICIOS QUERETANA SAN PABLO","factura","factura_con_folio_en_observaciones","medium","pendienteFactura","facturadaPendientePago","64825.00","0.00","0.00","","B-3136","","","sale_notes:fact. b-3136"
"sale-report-1777575071454205","DESPERDICIOS QUERETANA SAN PABLO","factura","factura_con_folio_en_observaciones","medium","pendienteFactura","facturadaPendientePago","63875.00","0.00","0.00","","B-3136","","","sale_notes:fact. b-3136"
