row_number,fecha,tipo,referencia,proveedor,provider_id,provider_source,importe,fecha_pago,fecha_vencimiento,estado,comentario,date_from,date_to,candidate_ticket_count,candidate_ticket_total,difference,candidate_ticket_ids,candidate_ticket_numbers,match_status,target_company,target_branch,invoice_id
2,2026-05-25,FACTURA,560004567,TENNECO,compras_cp_import_tenneco,COMPRAS,60496.00,2026-06-25,,Pendiente,REPORTE 02-09 ENERO 2026,2026-01-02,2026-01-09,7,60496.00,0.00,ct_legacy_row_1419|ct_legacy_row_1418|ct_legacy_row_1417|ct_legacy_row_1416|ct_legacy_row_1415|ct_legacy_row_1414|ct_legacy_row_1413,14177|14224|24127|14272|14319|14367|14424,EXACT,DICSA,CELAYA,fin-invoice-legacy-ticketed-tenneco-2
3,2026-05-25,FACTURA,560004566,TENNECO,compras_cp_import_tenneco,COMPRAS,111507.20,2026-06-25,,Pendiente,REPORTE 12-16 ENERO 2026,2026-01-12,2026-01-16,8,111507.20,0.00,ct_legacy_row_1411|ct_legacy_row_1412|ct_legacy_row_1409|ct_legacy_row_1410|ct_legacy_row_1408|ct_legacy_row_1406|ct_legacy_row_1407|ct_legacy_row_1405,14513|24159|14582|14610|14650|14713|24198|14776,EXACT,DICSA,CELAYA,fin-invoice-legacy-ticketed-tenneco-3
4,2026-05-25,FACTURA,560004565,TENNECO,compras_cp_import_tenneco,COMPRAS,71592.00,2026-06-25,,Pendiente,REPORTE 19-23 ENERO 2026,2026-01-19,2026-01-23,8,71592.00,0.00,ct_legacy_row_1402|ct_legacy_row_1403|ct_legacy_row_1404|ct_legacy_row_1401|ct_legacy_row_1399|ct_legacy_row_1397|ct_legacy_row_1398|ct_legacy_row_1396,14860|14865|24221|14903|14959|12|24243|66,EXACT,DICSA,CELAYA,fin-invoice-legacy-ticketed-tenneco-4
5,2026-05-25,FACTURA,560004564,TENNECO,compras_cp_import_tenneco,COMPRAS,73902.40,2026-06-25,,Pendiente,REPORTE 26-30 ENER 2026,2026-01-26,2026-01-30,7,73902.40,0.00,ct_legacy_row_1395|ct_legacy_row_1394|ct_legacy_row_1393|ct_legacy_row_1392|ct_legacy_row_1391|ct_legacy_row_1390|ct_legacy_row_1389,161|24260|222|275|24293|331|389,EXACT,DICSA,CELAYA,fin-invoice-legacy-ticketed-tenneco-5
6,2026-05-25,FACTURA,560004563,TENNECO,compras_cp_import_tenneco,COMPRAS,61131.70,2026-06-25,,Pendiente,REPORTE 03-07FEB 2026,2026-02-03,2026-02-07,2,27643.70,-33488.00,ct_legacy_row_1388|ct_legacy_row_1387,24314|483,MISMATCH,DICSA,CELAYA,fin-invoice-legacy-ticketed-tenneco-6
7,2026-05-25,FACTURA,560004562,TENNECO,compras_cp_import_tenneco,COMPRAS,68296.20,2026-06-25,,Pendiente,REPORTE 09-14 FEB 2026,2026-02-09,2026-02-14,0,0.00,-68296.20,,,NO_TICKETS,DICSA,CELAYA,fin-invoice-legacy-ticketed-tenneco-7
8,2026-05-25,FACTURA,560004561,TENNECO,compras_cp_import_tenneco,COMPRAS,84653.80,2026-06-25,,Pendiente,REPORTE 16-21 FEB 2026,2026-02-16,2026-02-21,0,0.00,-84653.80,,,NO_TICKETS,DICSA,CELAYA,fin-invoice-legacy-ticketed-tenneco-8
9,2026-05-25,FACTURA,560004560,TENNECO,compras_cp_import_tenneco,COMPRAS,79727.20,2026-06-25,,Pendiente,REPORTE 23-28 FEB 2026,2026-02-23,2026-02-28,0,0.00,-79727.20,,,NO_TICKETS,DICSA,CELAYA,fin-invoice-legacy-ticketed-tenneco-9
10,2026-05-25,FACTURA,560004559,TENNECO,compras_cp_import_tenneco,COMPRAS,64666.00,2026-06-25,,Pendiente,REPORTE 02-07 MZO 2026,2026-03-02,2026-03-07,0,0.00,-64666.00,,,NO_TICKETS,DICSA,CELAYA,fin-invoice-legacy-ticketed-tenneco-10
11,2026-05-25,FACTURA,560004558,TENNECO,compras_cp_import_tenneco,COMPRAS,56172.00,2026-06-25,,Pendiente,REPORTE 09-14 MZO 2026,2026-03-09,2026-03-14,0,0.00,-56172.00,,,NO_TICKETS,DICSA,CELAYA,fin-invoice-legacy-ticketed-tenneco-11
12,2026-05-25,FACTURA,560004557,TENNECO,compras_cp_import_tenneco,COMPRAS,61008.00,2026-06-25,,Pendiente,REPORTE 16-21 MZO 2026,2026-03-16,2026-03-21,0,0.00,-61008.00,,,NO_TICKETS,DICSA,CELAYA,fin-invoice-legacy-ticketed-tenneco-12
13,2026-05-25,FACTURA,560004556,TENNECO,compras_cp_import_tenneco,COMPRAS,67022.00,2026-06-25,,Pendiente,REPORTE 23-31 MZO 2026,2026-03-23,2026-03-31,0,0.00,-67022.00,,,NO_TICKETS,DICSA,CELAYA,fin-invoice-legacy-ticketed-tenneco-13
14,2026-05-04,FACTURA,560004534,TENNECO,compras_cp_import_tenneco,COMPRAS,36019.50,2026-05-20,,Pendiente,REPORTE 22-26 DIC 2025,2025-12-22,2025-12-26,4,36019.50,0.00,ct_legacy_row_1425|ct_legacy_row_1423|ct_legacy_row_1424|ct_legacy_row_1422,13891|13956|5476|14023,EXACT,DICSA,CELAYA,fin-invoice-legacy-ticketed-tenneco-14
15,2026-05-04,FACTURA,560004533,TENNECO,compras_cp_import_tenneco,COMPRAS,11003.50,2026-05-13,,Pendiente,REPORTE 29-30 DIC 2025,2025-12-29,2025-12-30,2,11003.50,0.00,ct_legacy_row_1421|ct_legacy_row_1420,14082|14130,EXACT,DICSA,CELAYA,fin-invoice-legacy-ticketed-tenneco-15
16,2026-05-04,FACTURA,560004535,TENNECO,compras_cp_import_tenneco,COMPRAS,119445.50,2026-05-27,,Pendiente,REPORTE 15-19 DIC 2025,2025-12-15,2025-12-19,7,119445.50,0.00,ct_legacy_row_1431|ct_legacy_row_1432|ct_legacy_row_1430|ct_legacy_row_1429|ct_legacy_row_1427|ct_legacy_row_1428|ct_legacy_row_1426,13577|5352|13628|13689|5412|5412|13814,EXACT,DICSA,CELAYA,fin-invoice-legacy-ticketed-tenneco-16
17,2026-05-04,FACTURA,560004536,TENNECO,compras_cp_import_tenneco,COMPRAS,87172.50,2026-06-03,,Pendiente,REPORTE 08-11-DIC 2025,2025-12-08,2025-12-11,6,87172.50,0.00,ct_legacy_row_1437|ct_legacy_row_1438|ct_legacy_row_1436|ct_legacy_row_1435|ct_legacy_row_1434|ct_legacy_row_1433,13304|5262|13355|13399|13454|24034,EXACT,DICSA,CELAYA,fin-invoice-legacy-ticketed-tenneco-17
18,2026-05-04,FACTURA,560004537,TENNECO,compras_cp_import_tenneco,COMPRAS,101834.00,2026-06-10,,Pendiente,REPORTE01-05-DIC 2025,2025-12-01,2025-12-05,8,101834.00,0.00,ct_legacy_row_1446|ct_legacy_row_1444|ct_legacy_row_1445|ct_legacy_row_1443|ct_legacy_row_1442|ct_legacy_row_1440|ct_legacy_row_1441|ct_legacy_row_1439,13009|13011|23992|13053|13097|13149|5209|13203,EXACT,DICSA,CELAYA,fin-invoice-legacy-ticketed-tenneco-18
19,2026-05-04,FACTURA,560004538,TENNECO,compras_cp_import_tenneco,COMPRAS,136574.40,2026-06-17,,Pendiente,REPORTE 24-28 NOV 2025,2025-11-24,2025-11-28,10,136574.40,0.00,ct_legacy_row_1457|ct_legacy_row_1455|ct_legacy_row_1456|ct_legacy_row_1454|ct_legacy_row_1453|ct_legacy_row_1450|ct_legacy_row_1451|ct_legacy_row_1448|ct_legacy_row_1449|ct_legacy_row_1447,12683|12687|23904|12723|12770|12834|23928|12898|12913|12924,EXACT,DICSA,CELAYA,fin-invoice-legacy-ticketed-tenneco-19
20,2026-05-04,FACTURA,560004539,TENNECO,compras_cp_import_tenneco,COMPRAS,68997.60,2026-06-24,,Pendiente,REPORTE 18-21 NOV 2025,2025-11-18,2025-11-21,5,68997.60,0.00,ct_legacy_row_1461|ct_legacy_row_1462|ct_legacy_row_1460|ct_legacy_row_1459|ct_legacy_row_1458,12384|23872|12441|12502|12559,EXACT,DICSA,CELAYA,fin-invoice-legacy-ticketed-tenneco-20
21,2026-05-04,FACTURA,560004540,TENNECO,compras_cp_import_tenneco,COMPRAS,74621.60,2026-07-01,,Pendiente,REPORTE 10-14 NOV 2025,2025-11-10,2025-11-14,8,74621.60,0.00,ct_legacy_row_1469|ct_legacy_row_1470|ct_legacy_row_1468|ct_legacy_row_1466|ct_legacy_row_1467|ct_legacy_row_1464|ct_legacy_row_1465|ct_legacy_row_1463,12071|23833|12110|12165|12173|12219|23848|12270,EXACT,DICSA,CELAYA,fin-invoice-legacy-ticketed-tenneco-21
22,2026-05-04,FACTURA,560004541,TENNECO,compras_cp_import_tenneco,COMPRAS,97650.40,2026-07-08,,Pendiente,REPORTE 03-07 NOV 2025,2025-11-03,2025-11-07,7,97650.40,0.00,ct_legacy_row_1477|ct_legacy_row_1476|ct_legacy_row_1475|ct_legacy_row_1474|ct_legacy_row_1473|ct_legacy_row_1472|ct_legacy_row_1471,11758|23797|11798|11853|11916|23818|11971,EXACT,DICSA,CELAYA,fin-invoice-legacy-ticketed-tenneco-22
23,2026-05-04,FACTURA,560004542,TENNECO,compras_cp_import_tenneco,COMPRAS,56580.00,2026-07-15,,Pendiente,REPORTE 27-31 OCT 2025,2025-10-27,2025-10-31,6,56580.00,0.00,ct_legacy_row_1482|ct_legacy_row_1483|ct_legacy_row_1481|ct_legacy_row_1480|ct_legacy_row_1479|ct_legacy_row_1478,11480|23763|11530|11570|11613|11668,EXACT,DICSA,CELAYA,fin-invoice-legacy-ticketed-tenneco-23
24,2026-05-04,FACTURA,560004543,TENNECO,compras_cp_import_tenneco,COMPRAS,86610.00,2026-07-22,,Pendiente,REPORTE 20-24 OCT 2025,2025-10-20,2025-10-24,7,86610.00,0.00,ct_legacy_row_1489|ct_legacy_row_1490|ct_legacy_row_1488|ct_legacy_row_1487|ct_legacy_row_1485|ct_legacy_row_1486|ct_legacy_row_1484,11190|23715|11237|11286|11338|23736|11392,EXACT,DICSA,CELAYA,fin-invoice-legacy-ticketed-tenneco-24
25,2026-05-04,FACTURA,560004544,TENNECO,compras_cp_import_tenneco,COMPRAS,95820.00,2026-07-29,,Pendiente,REPORTE13-17 OCT 2025,2025-10-13,2025-10-17,9,95820.00,0.00,ct_legacy_row_1498|ct_legacy_row_1499|ct_legacy_row_1497|ct_legacy_row_1496|ct_legacy_row_1495|ct_legacy_row_1493|ct_legacy_row_1494|ct_legacy_row_1492|ct_legacy_row_1491,10867|23672|10917|10929|10980|11034|23687|11087|11129,EXACT,DICSA,CELAYA,fin-invoice-legacy-ticketed-tenneco-25
26,2026-05-04,FACTURA,560004545,TENNECO,compras_cp_import_tenneco,COMPRAS,102510.00,2026-08-05,,Pendiente,REPORTE 06-10 OCT 2025,2025-10-06,2025-10-10,7,102510.00,0.00,ct_legacy_row_1505|ct_legacy_row_1506|ct_legacy_row_1504|ct_legacy_row_1503|ct_legacy_row_1501|ct_legacy_row_1502|ct_legacy_row_1500,10553|23637|10615|10668|10727|23650|10779,EXACT,DICSA,CELAYA,fin-invoice-legacy-ticketed-tenneco-26
27,2026-05-04,FACTURA,560004546,TENNECO,compras_cp_import_tenneco,COMPRAS,79080.00,2026-08-12,,Pendiente,REPORTE 01-04 OCT 2025,2025-10-01,2025-10-04,6,79080.00,0.00,ct_legacy_row_1512|ct_legacy_row_1511|ct_legacy_row_1510|ct_legacy_row_1508|ct_legacy_row_1509|ct_legacy_row_1507,10348|10402|23622|10454|10470|10520,EXACT,DICSA,CELAYA,fin-invoice-legacy-ticketed-tenneco-27
28,2026-05-04,FACTURA,560004547,TENNECO,compras_cp_import_tenneco,COMPRAS,128290.20,2026-08-19,,Pendiente,REPORTE22-30 SEPT 2025,2025-09-22,2025-09-30,10,128290.20,0.00,ct_legacy_row_1522|ct_legacy_row_1521|ct_legacy_row_1520|ct_legacy_row_1519|ct_legacy_row_1518|ct_legacy_row_1517|ct_legacy_row_1516|ct_legacy_row_1515|ct_legacy_row_1514|ct_legacy_row_1513,23583|9940|9993|10056|10111|23591|10162|10249|23608|10300,EXACT,DICSA,CELAYA,fin-invoice-legacy-ticketed-tenneco-28
29,2026-05-04,FACTURA,560004548,TENNECO,compras_cp_import_tenneco,COMPRAS,83961.30,2026-08-26,,Pendiente,REPORTE15-19 SEPT 2025,2025-09-15,2025-09-19,8,83961.30,0.00,ct_legacy_row_1530|ct_legacy_row_1529|ct_legacy_row_1528|ct_legacy_row_1525|ct_legacy_row_1527|ct_legacy_row_1524|ct_legacy_row_1526|ct_legacy_row_1523,23562|9700|9737|23571|9782|9797|9805|9833,EXACT,DICSA,CELAYA,fin-invoice-legacy-ticketed-tenneco-29
30,2026-05-04,FACTURA,560004549,TENNECO,compras_cp_import_tenneco,COMPRAS,85324.80,2026-09-02,,Pendiente,REPORTE 08-12 SEPT 2025,2025-09-08,2025-09-12,8,85324.80,0.00,ct_legacy_row_1538|ct_legacy_row_1537|ct_legacy_row_1536|ct_legacy_row_1535|ct_legacy_row_1534|ct_legacy_row_1532|ct_legacy_row_1533|ct_legacy_row_1531,23545|9406|9463|9506|9521|23521|9557|9610,EXACT,DICSA,CELAYA,fin-invoice-legacy-ticketed-tenneco-30
31,2026-05-04,FACTURA,560004551,TENNECO,compras_cp_import_tenneco,COMPRAS,141789.00,2026-09-09,,Pendiente,REPORTE28-30 AGT 2025,2025-08-28,2025-08-30,6,93318.00,-48471.00,ct_legacy_row_1543|ct_legacy_row_1544|ct_legacy_row_1541|ct_legacy_row_1542|ct_legacy_row_1540|ct_legacy_row_1539,23492|9003|9054|9071|9120|9121,MISMATCH,DICSA,CELAYA,fin-invoice-legacy-ticketed-tenneco-31
