referencia,proveedor,importe,comentario,date_from,date_to,candidate_ticket_count,candidate_ticket_total,difference,match_status,candidate_ticket_ids,candidate_ticket_numbers
560004567,TENNECO,60496.00,REPORTE 02-09 ENERO 2026,2026-01-02,2026-01-09,7,60496.00,0.00,EXACT,ct_legacy_row_1419|ct_legacy_row_1418|ct_legacy_row_1417|ct_legacy_row_1416|ct_legacy_row_1415|ct_legacy_row_1414|ct_legacy_row_1413,14177|14224|24127|14272|14319|14367|14424
560004566,TENNECO,111507.20,REPORTE 12-16 ENERO 2026,2026-01-12,2026-01-16,8,111507.20,0.00,EXACT,ct_legacy_row_1411|ct_legacy_row_1412|ct_legacy_row_1409|ct_legacy_row_1410|ct_legacy_row_1408|ct_legacy_row_1406|ct_legacy_row_1407|ct_legacy_row_1405,14513|24159|14582|14610|14650|14713|24198|14776
560004565,TENNECO,71592.00,REPORTE 19-23 ENERO 2026,2026-01-19,2026-01-23,8,71592.00,0.00,EXACT,ct_legacy_row_1402|ct_legacy_row_1403|ct_legacy_row_1404|ct_legacy_row_1401|ct_legacy_row_1399|ct_legacy_row_1397|ct_legacy_row_1398|ct_legacy_row_1396,14860|14865|24221|14903|14959|12|24243|66
560004564,TENNECO,73902.40,REPORTE 26-30 ENER 2026,2026-01-26,2026-01-30,7,73902.40,0.00,EXACT,ct_legacy_row_1395|ct_legacy_row_1394|ct_legacy_row_1393|ct_legacy_row_1392|ct_legacy_row_1391|ct_legacy_row_1390|ct_legacy_row_1389,161|24260|222|275|24293|331|389
560004563,TENNECO,61131.70,REPORTE 03-07FEB 2026,2026-02-03,2026-02-07,2,27643.70,-33488.00,MISMATCH,ct_legacy_row_1388|ct_legacy_row_1387,24314|483
560004562,TENNECO,68296.20,REPORTE 09-14 FEB 2026,2026-02-09,2026-02-14,0,0.00,-68296.20,NO_TICKETS,,
560004561,TENNECO,84653.80,REPORTE 16-21 FEB 2026,2026-02-16,2026-02-21,0,0.00,-84653.80,NO_TICKETS,,
560004560,TENNECO,79727.20,REPORTE 23-28 FEB 2026,2026-02-23,2026-02-28,0,0.00,-79727.20,NO_TICKETS,,
560004559,TENNECO,64666.00,REPORTE 02-07 MZO 2026,2026-03-02,2026-03-07,0,0.00,-64666.00,NO_TICKETS,,
560004558,TENNECO,56172.00,REPORTE 09-14 MZO 2026,2026-03-09,2026-03-14,0,0.00,-56172.00,NO_TICKETS,,
560004557,TENNECO,61008.00,REPORTE 16-21 MZO 2026,2026-03-16,2026-03-21,0,0.00,-61008.00,NO_TICKETS,,
560004556,TENNECO,67022.00,REPORTE 23-31 MZO 2026,2026-03-23,2026-03-31,0,0.00,-67022.00,NO_TICKETS,,
560004534,TENNECO,36019.50,REPORTE 22-26 DIC 2025,2025-12-22,2025-12-26,4,36019.50,0.00,EXACT,ct_legacy_row_1425|ct_legacy_row_1423|ct_legacy_row_1424|ct_legacy_row_1422,13891|13956|5476|14023
560004533,TENNECO,11003.50,REPORTE 29-30 DIC 2025,2025-12-29,2025-12-30,2,11003.50,0.00,EXACT,ct_legacy_row_1421|ct_legacy_row_1420,14082|14130
560004535,TENNECO,119445.50,REPORTE 15-19 DIC 2025,2025-12-15,2025-12-19,7,119445.50,0.00,EXACT,ct_legacy_row_1431|ct_legacy_row_1432|ct_legacy_row_1430|ct_legacy_row_1429|ct_legacy_row_1427|ct_legacy_row_1428|ct_legacy_row_1426,13577|5352|13628|13689|5412|5412|13814
560004536,TENNECO,87172.50,REPORTE 08-11-DIC 2025,2025-12-08,2025-12-11,6,87172.50,0.00,EXACT,ct_legacy_row_1437|ct_legacy_row_1438|ct_legacy_row_1436|ct_legacy_row_1435|ct_legacy_row_1434|ct_legacy_row_1433,13304|5262|13355|13399|13454|24034
560004537,TENNECO,101834.00,REPORTE01-05-DIC 2025,2025-12-01,2025-12-05,8,101834.00,0.00,EXACT,ct_legacy_row_1446|ct_legacy_row_1444|ct_legacy_row_1445|ct_legacy_row_1443|ct_legacy_row_1442|ct_legacy_row_1440|ct_legacy_row_1441|ct_legacy_row_1439,13009|13011|23992|13053|13097|13149|5209|13203
560004538,TENNECO,136574.40,REPORTE 24-28 NOV 2025,2025-11-24,2025-11-28,10,136574.40,0.00,EXACT,ct_legacy_row_1457|ct_legacy_row_1455|ct_legacy_row_1456|ct_legacy_row_1454|ct_legacy_row_1453|ct_legacy_row_1450|ct_legacy_row_1451|ct_legacy_row_1448|ct_legacy_row_1449|ct_legacy_row_1447,12683|12687|23904|12723|12770|12834|23928|12898|12913|12924
560004539,TENNECO,68997.60,REPORTE 18-21 NOV 2025,2025-11-18,2025-11-21,5,68997.60,0.00,EXACT,ct_legacy_row_1461|ct_legacy_row_1462|ct_legacy_row_1460|ct_legacy_row_1459|ct_legacy_row_1458,12384|23872|12441|12502|12559
560004540,TENNECO,74621.60,REPORTE 10-14 NOV 2025,2025-11-10,2025-11-14,8,74621.60,0.00,EXACT,ct_legacy_row_1469|ct_legacy_row_1470|ct_legacy_row_1468|ct_legacy_row_1466|ct_legacy_row_1467|ct_legacy_row_1464|ct_legacy_row_1465|ct_legacy_row_1463,12071|23833|12110|12165|12173|12219|23848|12270
560004541,TENNECO,97650.40,REPORTE 03-07 NOV 2025,2025-11-03,2025-11-07,7,97650.40,0.00,EXACT,ct_legacy_row_1477|ct_legacy_row_1476|ct_legacy_row_1475|ct_legacy_row_1474|ct_legacy_row_1473|ct_legacy_row_1472|ct_legacy_row_1471,11758|23797|11798|11853|11916|23818|11971
560004542,TENNECO,56580.00,REPORTE 27-31 OCT 2025,2025-10-27,2025-10-31,6,56580.00,0.00,EXACT,ct_legacy_row_1482|ct_legacy_row_1483|ct_legacy_row_1481|ct_legacy_row_1480|ct_legacy_row_1479|ct_legacy_row_1478,11480|23763|11530|11570|11613|11668
560004543,TENNECO,86610.00,REPORTE 20-24 OCT 2025,2025-10-20,2025-10-24,7,86610.00,0.00,EXACT,ct_legacy_row_1489|ct_legacy_row_1490|ct_legacy_row_1488|ct_legacy_row_1487|ct_legacy_row_1485|ct_legacy_row_1486|ct_legacy_row_1484,11190|23715|11237|11286|11338|23736|11392
560004544,TENNECO,95820.00,REPORTE13-17 OCT 2025,2025-10-13,2025-10-17,9,95820.00,0.00,EXACT,ct_legacy_row_1498|ct_legacy_row_1499|ct_legacy_row_1497|ct_legacy_row_1496|ct_legacy_row_1495|ct_legacy_row_1493|ct_legacy_row_1494|ct_legacy_row_1492|ct_legacy_row_1491,10867|23672|10917|10929|10980|11034|23687|11087|11129
560004545,TENNECO,102510.00,REPORTE 06-10 OCT 2025,2025-10-06,2025-10-10,7,102510.00,0.00,EXACT,ct_legacy_row_1505|ct_legacy_row_1506|ct_legacy_row_1504|ct_legacy_row_1503|ct_legacy_row_1501|ct_legacy_row_1502|ct_legacy_row_1500,10553|23637|10615|10668|10727|23650|10779
560004546,TENNECO,79080.00,REPORTE 01-04 OCT 2025,2025-10-01,2025-10-04,6,79080.00,0.00,EXACT,ct_legacy_row_1512|ct_legacy_row_1511|ct_legacy_row_1510|ct_legacy_row_1508|ct_legacy_row_1509|ct_legacy_row_1507,10348|10402|23622|10454|10470|10520
560004547,TENNECO,128290.20,REPORTE22-30 SEPT 2025,2025-09-22,2025-09-30,10,128290.20,0.00,EXACT,ct_legacy_row_1522|ct_legacy_row_1521|ct_legacy_row_1520|ct_legacy_row_1519|ct_legacy_row_1518|ct_legacy_row_1517|ct_legacy_row_1516|ct_legacy_row_1515|ct_legacy_row_1514|ct_legacy_row_1513,23583|9940|9993|10056|10111|23591|10162|10249|23608|10300
560004548,TENNECO,83961.30,REPORTE15-19 SEPT 2025,2025-09-15,2025-09-19,8,83961.30,0.00,EXACT,ct_legacy_row_1530|ct_legacy_row_1529|ct_legacy_row_1528|ct_legacy_row_1525|ct_legacy_row_1527|ct_legacy_row_1524|ct_legacy_row_1526|ct_legacy_row_1523,23562|9700|9737|23571|9782|9797|9805|9833
560004549,TENNECO,85324.80,REPORTE 08-12 SEPT 2025,2025-09-08,2025-09-12,8,85324.80,0.00,EXACT,ct_legacy_row_1538|ct_legacy_row_1537|ct_legacy_row_1536|ct_legacy_row_1535|ct_legacy_row_1534|ct_legacy_row_1532|ct_legacy_row_1533|ct_legacy_row_1531,23545|9406|9463|9506|9521|23521|9557|9610
560004551,TENNECO,141789.00,REPORTE28-30 AGT 2025,2025-08-28,2025-08-30,6,93318.00,-48471.00,MISMATCH,ct_legacy_row_1543|ct_legacy_row_1544|ct_legacy_row_1541|ct_legacy_row_1542|ct_legacy_row_1540|ct_legacy_row_1539,23492|9003|9054|9071|9120|9121
