allows_direct_entry,allows_sale,allows_transformation_output,classification_kind,code,created_at,family,flow_scope,general_material_id,id,is_active,name,notes,sort_order,tracks_patio_stock,updated_at
True,True,True,classified_stock,PACA_NACIONAL,2026-03-13T19:39:38.720229+00:00,fiber,BOTH,88c788cd-06c8-43a9-b429-aba0c440f2f4,08d0e0d9-57bf-4efe-81b4-7a19caf37fd7,True,PACA NACIONAL,Producto clasificado de carton para patio y venta,410,True,2026-03-13T19:39:38.720229+00:00
True,True,True,classified_stock,PACA_LIMPIA,2026-03-13T19:39:38.720229+00:00,fiber,BOTH,88c788cd-06c8-43a9-b429-aba0c440f2f4,000a5e67-3ceb-40b1-a54a-1165dc7d837e,True,PACA LIMPIA,Producto clasificado de carton para patio y venta,400,True,2026-03-13T19:39:38.720229+00:00
True,True,True,classified_stock,PACA_BASURA,2026-03-13T19:39:38.720229+00:00,fiber,BOTH,88c788cd-06c8-43a9-b429-aba0c440f2f4,15fb03bd-ba75-421a-83d0-546ac9884f1d,True,PACA BASURA,Producto clasificado de carton para patio y venta,370,True,2026-03-13T19:39:38.720229+00:00
True,True,True,classified_stock,PACA_AMERICANA,2026-03-13T19:39:38.720229+00:00,fiber,BOTH,88c788cd-06c8-43a9-b429-aba0c440f2f4,7e43e302-c312-4f9b-bb58-5e630cc38b06,True,PACA AMERICANA,Producto clasificado de carton para patio y venta,360,True,2026-03-13T19:39:38.720229+00:00
True,True,True,classified_stock,LODOS,2026-03-13T19:39:38.720229+00:00,other,BOTH,88c788cd-06c8-43a9-b429-aba0c440f2f4,bc46d8fe-62a6-42d7-9a2d-e69a44c66886,True,LODOS,Clasificacion comercial heredada; validar si se conserva como subproducto,300,True,2026-03-13T19:39:38.720229+00:00
True,False,False,general_input,CARTON_NACIONAL,2026-03-13T19:39:38.720229+00:00,fiber,IN,88c788cd-06c8-43a9-b429-aba0c440f2f4,26dfeab1-14f0-4f05-9815-ef7dd49197ba,True,CARTON NACIONAL,Entrada comercial que suma a CARTON,180,False,2026-03-13T19:39:38.720229+00:00
True,False,False,general_input,CARTON_AMERICANO,2026-03-13T19:39:38.720229+00:00,fiber,IN,88c788cd-06c8-43a9-b429-aba0c440f2f4,7ab7ed5b-ad53-4cc8-8c33-feb4bca0b9c3,True,CARTON AMERICANO,Entrada comercial que suma a CARTON,170,False,2026-03-13T19:39:38.720229+00:00
True,True,True,classified_stock,CAPLE,2026-03-13T19:39:38.720229+00:00,fiber,BOTH,88c788cd-06c8-43a9-b429-aba0c440f2f4,7cb5af41-dd0f-4451-9dd6-0fa620ed7ce3,True,CAPLE,Clasificacion comercial de carton,160,True,2026-03-13T19:39:38.720229+00:00
True,True,True,classified_stock,BASURA,2026-03-13T19:39:38.720229+00:00,fiber,BOTH,88c788cd-06c8-43a9-b429-aba0c440f2f4,a848d775-5d6d-4a8a-afbe-2bfea2b15765,True,BASURA,Salida clasificada de carton,110,True,2026-03-13T19:39:38.720229+00:00
True,True,True,classified_stock,RETORNO_INDUSTRIAL_ESPECIAL,2026-03-13T19:39:38.720229+00:00,metal,BOTH,4c7a25df-991f-4443-9269-4e853df6fed3,9c0800dd-9bb2-46dd-be35-2c3fb689216e,True,RETORNO INDUSTRIAL ESPECIAL,Clasificacion comercial de chatarra,590,True,2026-03-13T19:39:38.720229+00:00
True,True,True,classified_stock,RETORNO_INDUSTRIAL,2026-03-13T19:39:38.720229+00:00,metal,BOTH,4c7a25df-991f-4443-9269-4e853df6fed3,9950e351-6716-4caa-a6e5-dfccf2513529,True,RETORNO INDUSTRIAL,Clasificacion comercial de chatarra,570,True,2026-03-13T19:39:38.720229+00:00
True,True,True,classified_stock,REBABA,2026-03-13T19:39:38.720229+00:00,metal,BOTH,4c7a25df-991f-4443-9269-4e853df6fed3,1f9d57fb-c379-46df-94f7-f93d82d67843,True,REBABA,Clasificacion comercial de chatarra,550,True,2026-03-13T19:39:38.720229+00:00
True,True,True,classified_stock,PLACA_Y_ESTRUCTURA_LARGA,2026-03-13T19:39:38.720229+00:00,metal,BOTH,4c7a25df-991f-4443-9269-4e853df6fed3,f05eb20f-5e8c-40ab-88f0-907bdf3a5431,True,PLACA Y ESTRUCTURA LARGA,Clasificacion comercial de chatarra,490,True,2026-03-13T19:39:38.720229+00:00
True,True,True,classified_stock,PLACA_Y_ESTRUCTURA_CORTA,2026-03-13T19:39:38.720229+00:00,metal,BOTH,4c7a25df-991f-4443-9269-4e853df6fed3,e0f8cd1b-16e6-4833-a1b1-92a7d6ee85ef,True,PLACA Y ESTRUCTURA CORTA,Clasificacion comercial de chatarra,480,True,2026-03-13T19:39:38.720229+00:00
True,True,True,classified_stock,PESADO,2026-03-13T19:39:38.720229+00:00,metal,BOTH,4c7a25df-991f-4443-9269-4e853df6fed3,47193986-3a6a-467e-8616-656ae4cae977,True,PESADO,Clasificacion comercial de chatarra,460,True,2026-03-13T19:39:38.720229+00:00
True,True,True,classified_stock,PACA_DE_SEGUNDA,2026-03-13T19:39:38.720229+00:00,metal,BOTH,4c7a25df-991f-4443-9269-4e853df6fed3,a6b451c7-cba9-41d1-9934-5e487e4da757,True,PACA DE SEGUNDA,Clasificacion comercial de chatarra,390,True,2026-03-13T19:39:38.720229+00:00
True,True,True,classified_stock,PACA_DE_PRIMERA,2026-03-13T19:39:38.720229+00:00,metal,BOTH,4c7a25df-991f-4443-9269-4e853df6fed3,84e76f01-ae97-4d64-b9c4-9fea70fb28f0,True,PACA DE PRIMERA,Clasificacion comercial de chatarra,380,True,2026-03-13T19:39:38.720229+00:00
True,True,True,classified_stock,MIXTO_PARA_PROCESAR,2026-03-13T19:39:38.720229+00:00,metal,BOTH,4c7a25df-991f-4443-9269-4e853df6fed3,4ff70896-afe4-4b09-b498-24148fe923c6,True,MIXTO PARA PROCESAR,Clasificacion comercial de chatarra,340,True,2026-03-13T19:39:38.720229+00:00
True,True,True,classified_stock,MIXTO,2026-03-13T19:39:38.720229+00:00,metal,BOTH,4c7a25df-991f-4443-9269-4e853df6fed3,912e86e8-a6b4-4c01-9d9e-fe16c3d7d4d8,True,MIXTO,Clasificacion comercial de chatarra,330,True,2026-03-13T19:39:38.720229+00:00
True,True,True,classified_stock,LAMINA,2026-03-13T19:39:38.720229+00:00,metal,BOTH,4c7a25df-991f-4443-9269-4e853df6fed3,eaaa8aa0-69bc-4633-9e82-46ae02473f3f,True,LAMINA,Clasificacion comercial de chatarra,260,True,2026-03-13T19:39:38.720229+00:00
True,True,True,classified_stock,BOTE_GRANEL,2026-03-13T19:39:38.720229+00:00,metal,BOTH,4c7a25df-991f-4443-9269-4e853df6fed3,1c432928-2e6b-44db-9573-f38bf22bb128,True,BOTE GRANEL,Clasificacion comercial de chatarra,140,True,2026-03-13T19:39:38.720229+00:00
True,True,True,classified_stock,TUBO,2026-03-13T19:39:38.720229+00:00,metal,BOTH,a3b39add-83a8-4b9e-92db-242b2b852a40,5e0d9287-012e-4263-84b1-3ce48d31be97,True,TUBO,Clasificacion comercial de metal,660,True,2026-03-13T19:39:38.720229+00:00
True,True,True,classified_stock,TRASTE,2026-03-13T19:39:38.720229+00:00,metal,BOTH,a3b39add-83a8-4b9e-92db-242b2b852a40,998b73cc-9534-446c-86b2-ae30d26b52fe,True,TRASTE,Clasificacion comercial de metal,650,True,2026-03-13T19:39:38.720229+00:00
True,True,True,classified_stock,RIN_GRANDE,2026-03-13T19:39:38.720229+00:00,metal,BOTH,a3b39add-83a8-4b9e-92db-242b2b852a40,160b06f8-a89a-46d9-8a29-f3130c17d154,True,RIN GRANDE,Clasificacion comercial de metal,630,True,2026-03-13T19:39:38.720229+00:00
True,True,True,classified_stock,RIN_DE_ALUMINIO,2026-03-13T19:39:38.720229+00:00,metal,BOTH,a3b39add-83a8-4b9e-92db-242b2b852a40,f8cba121-59e3-4d5e-8b89-68efe6a0b991,True,RIN DE ALUMINIO,Clasificacion comercial de metal,620,True,2026-03-13T19:39:38.720229+00:00
True,True,True,classified_stock,RIN_CHICO,2026-03-13T19:39:38.720229+00:00,metal,BOTH,a3b39add-83a8-4b9e-92db-242b2b852a40,a9e35ea1-d143-4d1f-846c-8757512edc56,True,RIN CHICO,Clasificacion comercial de metal,610,True,2026-03-13T19:39:38.720229+00:00
True,True,True,classified_stock,REBABA_DE_BRONCE,2026-03-13T19:39:38.720229+00:00,metal,BOTH,a3b39add-83a8-4b9e-92db-242b2b852a40,9f8bc4c0-a2e4-4ca2-a9e9-59d4547af119,True,REBABA DE BRONCE,Clasificacion comercial de metal,560,True,2026-03-13T19:39:38.720229+00:00
True,True,True,classified_stock,RADIADOR_PUNTA_DE_COBRE,2026-03-13T19:39:38.720229+00:00,metal,BOTH,a3b39add-83a8-4b9e-92db-242b2b852a40,d98d64d5-a7f7-48d5-8654-d55c0c52d33a,True,RADIADOR PUNTA DE COBRE,Clasificacion comercial de metal,540,True,2026-03-13T19:39:38.720229+00:00
True,True,True,classified_stock,RADIADOR_LATON,2026-03-13T19:39:38.720229+00:00,metal,BOTH,a3b39add-83a8-4b9e-92db-242b2b852a40,552a46f5-952f-4347-bebb-8d704f79811b,True,RADIADOR LATON,Clasificacion comercial de metal,530,True,2026-03-13T19:39:38.720229+00:00
True,True,True,classified_stock,RADIADOR_DE_COBRE,2026-03-13T19:39:38.720229+00:00,metal,BOTH,a3b39add-83a8-4b9e-92db-242b2b852a40,d69371ee-5cdd-4957-a593-072469988a6d,True,RADIADOR DE COBRE,Clasificacion comercial de metal,520,True,2026-03-13T19:39:38.720229+00:00
True,True,True,classified_stock,RADIADOR_DE_ALUMINIO,2026-03-13T19:39:38.720229+00:00,metal,BOTH,a3b39add-83a8-4b9e-92db-242b2b852a40,217ad8f4-a228-4695-aa06-2e73deabbbf3,True,RADIADOR DE ALUMINIO,Clasificacion comercial de metal,510,True,2026-03-13T19:39:38.720229+00:00
True,True,True,classified_stock,PLACA_DE_ALUMINIO,2026-03-13T19:39:38.720229+00:00,metal,BOTH,a3b39add-83a8-4b9e-92db-242b2b852a40,dd4ef2d2-b7d4-4e90-ad9a-034ccb775f16,True,PLACA DE ALUMINIO,Clasificacion comercial de metal,470,True,2026-03-13T19:39:38.720229+00:00
True,True,True,classified_stock,PERFIL_SIN_PINTURA,2026-03-13T19:39:38.720229+00:00,metal,BOTH,a3b39add-83a8-4b9e-92db-242b2b852a40,9abccac5-dc65-4754-b3f5-a84989eacae6,True,PERFIL SIN PINTURA,Clasificacion comercial de metal,450,True,2026-03-13T19:39:38.720229+00:00
True,True,True,classified_stock,PERFIL_CON_PINTURA,2026-03-13T19:39:38.720229+00:00,metal,BOTH,a3b39add-83a8-4b9e-92db-242b2b852a40,e453d695-5fa9-4eea-9745-6d50ebec1c52,True,PERFIL CON PINTURA,Clasificacion comercial de metal,440,True,2026-03-13T19:39:38.720229+00:00
True,True,True,classified_stock,FIERRO_VACIADO,2026-03-13T19:39:38.720229+00:00,metal,BOTH,a3b39add-83a8-4b9e-92db-242b2b852a40,e675815a-f8c8-43dc-8307-8a0c053eb5bf,True,FIERRO VACIADO,Clasificacion comercial de metal,240,True,2026-03-13T19:39:38.720229+00:00
True,True,True,classified_stock,COBRE_DE_SEGUNDA,2026-03-13T19:39:38.720229+00:00,metal,BOTH,a3b39add-83a8-4b9e-92db-242b2b852a40,f66663c6-8571-42d5-84ca-4547613d9403,True,COBRE DE SEGUNDA,Clasificacion comercial de metal,220,True,2026-03-13T19:39:38.720229+00:00
True,True,True,classified_stock,COBRE_DE_PRIMERA,2026-03-13T19:39:38.720229+00:00,metal,BOTH,a3b39add-83a8-4b9e-92db-242b2b852a40,916a8c7e-f175-4066-bded-7e0ee2183584,True,COBRE DE PRIMERA,Clasificacion comercial de metal,210,True,2026-03-13T19:39:38.720229+00:00
True,True,True,classified_stock,COBRE_CANDY,2026-03-13T19:39:38.720229+00:00,metal,BOTH,a3b39add-83a8-4b9e-92db-242b2b852a40,7b6d4c18-a50e-4840-b58e-f86bba1c5912,True,COBRE CANDY,Clasificacion comercial de metal,200,True,2026-03-13T19:39:38.720229+00:00
True,True,True,classified_stock,BRONCE,2026-03-13T19:39:38.720229+00:00,metal,BOTH,a3b39add-83a8-4b9e-92db-242b2b852a40,14222d0b-a3ca-4adb-973a-c9c5b7aa11ae,True,BRONCE,Clasificacion comercial de metal,150,True,2026-03-13T19:39:38.720229+00:00
True,True,True,classified_stock,ALUMINIO_TUBO,2026-03-13T19:39:38.720229+00:00,metal,BOTH,a3b39add-83a8-4b9e-92db-242b2b852a40,3122f7e3-a809-4606-bed8-97825ea0cdcc,True,ALUMINIO TUBO,Clasificacion comercial de metal,80,True,2026-03-13T19:39:38.720229+00:00
True,True,True,classified_stock,ALUMINIO_PISTON,2026-03-13T19:39:38.720229+00:00,metal,BOTH,a3b39add-83a8-4b9e-92db-242b2b852a40,4994260d-01ec-4319-b3b8-0613b397045a,True,ALUMINIO PISTON,Clasificacion comercial de metal,70,True,2026-03-13T19:39:38.720229+00:00
True,True,True,classified_stock,ALUMINIO_MACIZO,2026-03-13T19:39:38.720229+00:00,metal,BOTH,a3b39add-83a8-4b9e-92db-242b2b852a40,bdd045b4-d94c-4b16-a42c-2f31462ab673,True,ALUMINIO MACIZO,Clasificacion comercial de metal,60,True,2026-03-13T19:39:38.720229+00:00
False,False,False,legacy_alias,LIMPIO,2026-03-13T19:39:38.720229+00:00,fiber,PRODUCTION_ONLY,88c788cd-06c8-43a9-b429-aba0c440f2f4,4f1ed22c-9e70-43d3-bd5c-0714db3229cb,True,LIMPIO,Alias heredado; reemplazar por PACA_LIMPIA,290,False,2026-04-02T16:55:07.270572+00:00
True,True,True,classified_stock,CHATARRA_MIXTA,2026-03-13T19:39:38.720229+00:00,metal,BOTH,4c7a25df-991f-4443-9269-4e853df6fed3,0fcc4367-1e03-4745-8164-de5a765f9673,True,CHATARRA MIXTA,Clasificacion comercial de chatarra,190,True,2026-04-02T16:55:07.545135+00:00
False,False,False,legacy_alias,AMERICANO,2026-03-13T19:39:38.720229+00:00,fiber,PRODUCTION_ONLY,88c788cd-06c8-43a9-b429-aba0c440f2f4,f54c36bb-f8d5-4d19-b3a0-3f2d7309a37b,True,AMERICANO,Alias heredado; reemplazar por CARTON_AMERICANO o PACA_AMERICANA segun flujo,90,False,2026-04-02T16:55:07.665765+00:00
True,True,True,classified_stock,ALUMINIO_BLANDO,2026-03-13T19:39:38.720229+00:00,metal,BOTH,a3b39add-83a8-4b9e-92db-242b2b852a40,8f857305-3fa3-4acb-aa2c-662c502c6888,True,ALUMINIO BLANDO,Clasificacion comercial de metal,50,True,2026-03-13T19:39:38.720229+00:00
True,True,True,classified_stock,ALUMINIO,2026-03-13T19:39:38.720229+00:00,metal,BOTH,a3b39add-83a8-4b9e-92db-242b2b852a40,e127afec-99b6-4811-93b5-922283597874,True,ALUMINIO,Clasificacion comercial de metal,40,True,2026-03-13T19:39:38.720229+00:00
True,True,True,classified_stock,ALAMBRE_DE_ALUMINIO,2026-03-13T19:39:38.720229+00:00,metal,BOTH,a3b39add-83a8-4b9e-92db-242b2b852a40,98a2cebd-2379-497d-929b-f0987811a65e,True,ALAMBRE DE ALUMINIO,Clasificacion comercial de metal,30,True,2026-03-13T19:39:38.720229+00:00
True,True,True,classified_stock,ACERO_CON_PINTURA,2026-03-13T19:39:38.720229+00:00,metal,BOTH,a3b39add-83a8-4b9e-92db-242b2b852a40,121e0d63-4a6d-4d85-9149-2d030a83a396,True,ACERO CON PINTURA,Clasificacion comercial de metal,20,True,2026-03-13T19:39:38.720229+00:00
True,True,True,classified_stock,ACERO,2026-03-13T19:39:38.720229+00:00,metal,BOTH,a3b39add-83a8-4b9e-92db-242b2b852a40,f02ca705-fbb1-47bc-9df7-3abb656f83f1,True,ACERO,Clasificacion comercial de metal,10,True,2026-03-13T19:39:38.720229+00:00
True,True,True,classified_stock,UNICEL,2026-03-13T19:39:38.720229+00:00,polymer,BOTH,6a15cf8a-9064-49a4-8795-946591fee553,195446b5-559a-411b-806e-ed5bf4e354f5,True,UNICEL,Clasificacion comercial de plastico,670,True,2026-03-13T19:39:38.720229+00:00
True,True,True,classified_stock,PLASTICO_MIXTO,2026-03-13T19:39:38.720229+00:00,polymer,BOTH,6a15cf8a-9064-49a4-8795-946591fee553,4c4352b6-79a1-4140-9d70-e3587a5753f4,True,PLASTICO MIXTO,Clasificacion comercial de plastico,500,True,2026-03-13T19:39:38.720229+00:00
True,True,True,classified_stock,MANGUERA,2026-03-13T19:39:38.720229+00:00,polymer,BOTH,6a15cf8a-9064-49a4-8795-946591fee553,821c5ff2-6467-47bf-8e95-a930d4cab1b1,True,MANGUERA,Clasificacion comercial de plastico,320,True,2026-03-13T19:39:38.720229+00:00
True,True,True,classified_stock,BOLSA,2026-03-13T19:39:38.720229+00:00,polymer,BOTH,6a15cf8a-9064-49a4-8795-946591fee553,918b937e-b3df-4961-9cf5-c795be5e8d05,True,BOLSA,Clasificacion comercial de plastico,130,True,2026-03-13T19:39:38.720229+00:00
True,True,True,classified_stock,TARIMA,2026-03-13T19:39:38.720229+00:00,other,BOTH,ecc6f380-5996-43ba-87b1-d751882974d8,adccf361-fb3e-4f86-aaa8-10088f61ddef,True,TARIMA,Clasificacion comercial de madera,640,True,2026-03-13T19:39:38.720229+00:00
True,True,True,classified_stock,PEDACERA,2026-03-13T19:39:38.720229+00:00,other,BOTH,ecc6f380-5996-43ba-87b1-d751882974d8,5804543e-5d39-4f74-8db6-1f7e12796af6,True,PEDACERA,Clasificacion comercial de madera,430,True,2026-03-13T19:39:38.720229+00:00
True,True,True,classified_stock,LENA,2026-03-13T19:39:38.720229+00:00,other,BOTH,ecc6f380-5996-43ba-87b1-d751882974d8,9e83f326-e9d8-4fed-be69-0e64e086813f,True,LENA,Clasificacion comercial de madera,270,True,2026-03-13T19:39:38.720229+00:00
True,True,True,classified_stock,PAPEL_REVUELTO,2026-03-13T19:39:38.720229+00:00,fiber,BOTH,97e156d5-3719-4083-885c-e6a25af94015,8523cd01-4642-4510-bb08-2dd38f6c102c,True,PAPEL REVUELTO,Clasificacion comercial de papel,420,True,2026-03-13T19:39:38.720229+00:00
True,True,True,classified_stock,MAGAZINE,2026-03-13T19:39:38.720229+00:00,fiber,BOTH,97e156d5-3719-4083-885c-e6a25af94015,8a7e8bd7-75d2-46e7-945f-df1622da0e08,True,MAGAZINE,Clasificacion comercial de papel,310,True,2026-03-13T19:39:38.720229+00:00
True,True,True,classified_stock,LIBRO,2026-03-13T19:39:38.720229+00:00,fiber,BOTH,97e156d5-3719-4083-885c-e6a25af94015,17f7ef4a-641c-4e43-9d2b-07300a27c3d0,True,LIBRO,Clasificacion comercial de papel,280,True,2026-03-13T19:39:38.720229+00:00
True,True,True,classified_stock,FOLLETO,2026-03-13T19:39:38.720229+00:00,fiber,BOTH,97e156d5-3719-4083-885c-e6a25af94015,f1e47773-d068-4073-a316-2da1a43a4187,True,FOLLETO,Clasificacion comercial de papel,250,True,2026-03-13T19:39:38.720229+00:00
True,True,True,classified_stock,COLOR,2026-03-13T19:39:38.720229+00:00,fiber,BOTH,97e156d5-3719-4083-885c-e6a25af94015,1d475e15-b91d-40d5-b7ee-700ae9ea06f6,True,COLOR,Clasificacion comercial de papel,230,True,2026-03-13T19:39:38.720229+00:00
True,True,True,classified_stock,BLANCO_SELECCION,2026-03-13T19:39:38.720229+00:00,fiber,BOTH,97e156d5-3719-4083-885c-e6a25af94015,4357eeec-33aa-4236-981d-3afbbf2cffd9,True,BLANCO SELECCION,Clasificacion comercial de papel,120,True,2026-03-13T19:39:38.720229+00:00
True,True,True,classified_stock,ARCHIVO,2026-03-13T19:39:38.720229+00:00,fiber,BOTH,97e156d5-3719-4083-885c-e6a25af94015,6f1b9b8d-7fc2-4bc6-a0ed-30ee51069ec6,True,ARCHIVO,Clasificacion comercial de papel,100,True,2026-03-13T19:39:38.720229+00:00
True,True,True,classified_stock,PACA_DE_PAPEL,2026-03-20T01:53:34.089443+00:00,other,BOTH,97e156d5-3719-4083-885c-e6a25af94015,8848d076-f6e4-4d8a-9af1-42fae1d39688,True,PACA DE PAPEL,,100,True,2026-03-20T01:53:34.089443+00:00
True,True,True,classified_stock,RETORNO_INDUSTRIAL_ALTO_RES,2026-03-13T19:39:38.720229+00:00,metal,BOTH,4c7a25df-991f-4443-9269-4e853df6fed3,9233fa67-f604-4643-82c1-cc7351457a8e,True,RETORNO INDUSTRIAL ALTO RESIDUAL,Clasificacion comercial de chatarra,580,True,2026-03-20T02:45:10.051454+00:00
True,True,True,classified_stock,BOTE_DE_ALUMINIO,2026-03-20T16:10:03.7706+00:00,other,BOTH,a3b39add-83a8-4b9e-92db-242b2b852a40,ae94bd31-f321-449b-9dc5-fc021307423a,True,BOTE DE ALUMINIO,,100,True,2026-03-20T16:10:03.7706+00:00
True,True,True,classified_stock,ACERO_CHATARRA,2026-03-20T16:21:11.728248+00:00,other,BOTH,4c7a25df-991f-4443-9269-4e853df6fed3,f51adf9d-1e04-4b45-a996-74b217b499fa,True,ACERO CHATARRA,,100,True,2026-03-20T16:21:11.728248+00:00
True,True,True,classified_stock,RACKS,2026-03-20T16:22:27.849135+00:00,other,BOTH,4c7a25df-991f-4443-9269-4e853df6fed3,261d3133-a8aa-4466-9e39-008f8fbe0386,True,RACKS,,100,True,2026-03-20T16:22:27.849135+00:00
True,True,True,classified_stock,RIGIDO,2026-03-20T16:32:43.387209+00:00,other,BOTH,6a15cf8a-9064-49a4-8795-946591fee553,1e1f9dce-db72-4390-b6f4-fa249c4caa2a,True,RIGIDO,,100,True,2026-03-20T16:32:43.387209+00:00
True,True,True,classified_stock,METAL_GENERAL,2026-03-20T16:34:35.086891+00:00,other,BOTH,a3b39add-83a8-4b9e-92db-242b2b852a40,3e265cbb-835e-4164-8dc4-367758565aa1,True,METAL GENERAL,,100,True,2026-03-20T16:34:35.086891+00:00
True,True,True,classified_stock,BOND,2026-03-20T22:01:43.730704+00:00,other,BOTH,97e156d5-3719-4083-885c-e6a25af94015,4da083ff-fdc4-417a-8437-941bd54166c5,True,BOND,,100,True,2026-03-20T22:01:43.730704+00:00
True,True,True,classified_stock,MADERA_PIEZA,2026-03-23T15:55:00.349727+00:00,other,BOTH,4c7a25df-991f-4443-9269-4e853df6fed3,70dbb8a3-877f-44b0-bda5-e5e2e30268ce,True,MADERA PIEZA,,100,True,2026-03-23T15:55:00.349727+00:00
True,True,True,classified_stock,CAJA_CARTOR,2026-03-23T15:47:54.050613+00:00,other,BOTH,88c788cd-06c8-43a9-b429-aba0c440f2f4,a259e506-5392-44ba-906a-fa445e4d7d1c,True,CAJA CARTON,,100,True,2026-03-23T20:30:27.62188+00:00
True,False,False,general_input,REVUELTO,2026-03-13T19:39:38.720229+00:00,fiber,IN,97e156d5-3719-4083-885c-e6a25af94015,252db7e0-510d-4c93-9a4c-0a0c95a8289a,True,REVUELTO,Entrada comercial que suma a PAPEL,600,False,2026-04-02T16:55:06.878879+00:00
True,True,True,classified_stock,PIEZA_MADERA,2026-03-23T15:51:21.405448+00:00,other,BOTH,ecc6f380-5996-43ba-87b1-d751882974d8,8905e0f6-2007-4234-8be8-e09471c0ae25,True,PIEZA MADERA,,100,True,2026-04-02T16:55:07.011631+00:00
False,False,False,legacy_alias,NACIONAL,2026-03-13T19:39:38.720229+00:00,fiber,PRODUCTION_ONLY,88c788cd-06c8-43a9-b429-aba0c440f2f4,5a6124bd-6f61-47e5-a992-94f9cd79b3af,True,NACIONAL,Alias heredado; reemplazar por CARTON_NACIONAL o PACA_NACIONAL segun flujo,350,False,2026-04-02T16:55:07.134253+00:00
True,True,True,classified_stock,GRANEL,2026-03-20T20:33:56.778862+00:00,other,BOTH,88c788cd-06c8-43a9-b429-aba0c440f2f4,04003655-3d88-4314-8af0-949ca8caf81c,True,GRANEL,,100,True,2026-04-02T16:55:07.410254+00:00
True,True,True,classified_stock,PIERDAS_PORCELANA,2026-04-02T21:34:38.461899+00:00,other,BOTH,4c7a25df-991f-4443-9269-4e853df6fed3,5315508f-7a72-4f9a-a19b-c3ac5f1946b8,True,PIERDAS PORCELANA,,100,True,2026-04-02T21:34:38.461899+00:00
True,True,True,classified_stock,BOLSA_PLASTICO,2026-04-07T21:30:38.59926+00:00,other,BOTH,88c788cd-06c8-43a9-b429-aba0c440f2f4,8add190e-1e04-469c-810c-29240edd853e,True,BOLSA PLASTICO,,100,True,2026-04-07T21:30:38.59926+00:00
True,True,True,classified_stock,TUBO_DE_CARTON,2026-04-21T16:22:59.040985+00:00,cardboard,BOTH,88c788cd-06c8-43a9-b429-aba0c440f2f4,8ff0d8da-e175-4078-bbb0-36d1c16c45f7,True,TUBO DE CARTON,,100,True,2026-04-21T16:22:59.040985+00:00
True,True,True,classified_stock,CARTON_SCREEN,2026-04-21T16:27:57.782621+00:00,other,BOTH,88c788cd-06c8-43a9-b429-aba0c440f2f4,c9ea5808-9617-4d88-bcea-7d14f8255c74,True,CARTON SCREEN,,100,True,2026-04-21T16:27:57.782621+00:00
True,True,True,classified_stock,CARTON_RECOGIDO,2026-04-21T16:28:11.481952+00:00,other,BOTH,88c788cd-06c8-43a9-b429-aba0c440f2f4,e6e10dfe-a92d-41c4-b7e6-0ef3cc758cb6,True,CARTON RECOGIDO,,100,True,2026-04-21T16:28:11.481952+00:00
True,True,True,classified_stock,COBRE,2026-04-21T16:51:25.206566+00:00,other,BOTH,a3b39add-83a8-4b9e-92db-242b2b852a40,be963b16-9d70-435a-a5bd-7c2f2792edda,True,COBRE,,100,True,2026-04-21T16:51:25.206566+00:00
True,True,True,classified_stock,RADIADOR_DE_BRONCE,2026-04-21T16:51:55.588471+00:00,other,BOTH,a3b39add-83a8-4b9e-92db-242b2b852a40,e6d2893f-05f0-4afe-81d1-e6ff0ffbd236,True,RADIADOR DE BRONCE,,100,True,2026-04-21T16:51:55.588471+00:00
True,True,True,classified_stock,RADIADOR_CHICO,2026-04-21T16:52:12.674928+00:00,other,BOTH,a3b39add-83a8-4b9e-92db-242b2b852a40,ec4b581e-c8ef-475e-b0cc-6173ecbc60c5,True,RADIADOR CHICO,,100,True,2026-04-21T16:52:12.674928+00:00
True,True,True,classified_stock,MOTOR,2026-04-23T17:05:37.791929+00:00,other,BOTH,a3b39add-83a8-4b9e-92db-242b2b852a40,06e6db59-4add-4a52-8389-91e411440738,True,MOTOR,,100,True,2026-04-23T17:05:37.791929+00:00
True,True,True,classified_stock,TAMBO_PLASTICO,2026-04-23T17:06:22.792645+00:00,other,BOTH,6a15cf8a-9064-49a4-8795-946591fee553,26983015-fb33-497d-afbb-5d88ffe68232,True,TAMBO PLASTICO,,100,True,2026-04-23T17:06:22.792645+00:00
True,True,True,classified_stock,LONA,2026-04-23T17:06:59.56074+00:00,other,BOTH,6a15cf8a-9064-49a4-8795-946591fee553,17ae3fb5-413b-45c0-973d-a653599efdb3,True,LONA,,100,True,2026-04-23T17:06:59.56074+00:00
True,True,True,classified_stock,TRANSFORMADOR,2026-04-23T17:08:28.083414+00:00,other,BOTH,a3b39add-83a8-4b9e-92db-242b2b852a40,e2b05847-e6ac-4527-8c4b-042399947d76,True,TRANSFORMADOR,,100,True,2026-04-23T17:08:28.083414+00:00
True,True,True,classified_stock,BOBINA,2026-04-23T17:09:16.644542+00:00,other,BOTH,a3b39add-83a8-4b9e-92db-242b2b852a40,f1b96ff3-4624-4ac6-801a-bcb9e4ee0418,True,BOBINA,,100,True,2026-04-23T17:09:16.644542+00:00
True,True,True,classified_stock,PATIN,2026-04-23T17:09:54.432632+00:00,other,BOTH,a3b39add-83a8-4b9e-92db-242b2b852a40,f43dd0d2-1b31-4c19-9a0a-7076f480710d,True,PATIN,,100,True,2026-04-23T17:09:54.432632+00:00
True,True,True,classified_stock,RODILLO,2026-04-23T17:10:38.518426+00:00,other,BOTH,a3b39add-83a8-4b9e-92db-242b2b852a40,b7d85ade-0fa9-488f-861a-813ac33ef540,True,RODILLO,,100,True,2026-04-23T17:10:38.518426+00:00
True,True,True,classified_stock,PLANCHA,2026-04-23T17:11:30.542508+00:00,other,BOTH,a3b39add-83a8-4b9e-92db-242b2b852a40,32c5f90d-b2ea-4ced-b274-1ea53a651509,True,PLANCHA,,100,True,2026-04-23T17:11:30.542508+00:00
True,True,True,classified_stock,PUERTAS_ALUMINIO,2026-04-23T17:13:37.165193+00:00,other,BOTH,a3b39add-83a8-4b9e-92db-242b2b852a40,df5f3142-6322-4946-b6e9-fad4fa2d1dcc,True,PUERTAS ALUMINIO,,100,True,2026-04-23T17:13:37.165193+00:00
True,True,True,classified_stock,CUBETA,2026-04-23T17:15:11.352173+00:00,other,BOTH,6a15cf8a-9064-49a4-8795-946591fee553,7490eb7d-a87c-4e39-bf56-04a31831cce0,True,CUBETA,,100,True,2026-04-23T17:15:11.352173+00:00
True,True,True,classified_stock,MONTEN,2026-04-23T16:30:05.03161+00:00,other,BOTH,a3b39add-83a8-4b9e-92db-242b2b852a40,34b49aac-347b-4cff-aea4-b2702aa66076,True,MONTEN,,100,True,2026-04-23T18:05:06.103204+00:00
True,True,True,classified_stock,EXCEDENTE_TUBO,2026-04-23T22:08:50.345011+00:00,other,BOTH,4c7a25df-991f-4443-9269-4e853df6fed3,ab9b7436-2c40-48dc-97a8-bbf9b66d8ee6,True,EXCEDENTE TUBO,,100,True,2026-04-23T22:08:50.345011+00:00
True,True,True,classified_stock,PLOMO,2026-04-24T16:43:23.843327+00:00,other,BOTH,a3b39add-83a8-4b9e-92db-242b2b852a40,0b986692-5f0b-4a5c-a954-b34d750be295,True,PLOMO,,100,True,2026-04-24T16:43:23.843327+00:00
True,True,True,classified_stock,ALUMINIO_PERFIL,2026-04-24T21:23:51.590425+00:00,other,BOTH,a3b39add-83a8-4b9e-92db-242b2b852a40,dd2935c4-e1cb-484b-a5b6-5ef19f2bccb9,True,ALUMINIO PERFIL,,100,True,2026-04-24T21:23:51.590425+00:00
True,True,True,classified_stock,CHAROLA,2026-04-28T14:31:26.112428+00:00,other,BOTH,6a15cf8a-9064-49a4-8795-946591fee553,8aaae9eb-1712-4b2a-8ddd-16c88fd3308e,True,CHAROLA,,100,True,2026-04-28T14:31:26.112428+00:00
True,True,True,classified_stock,POLI_CARTON,2026-05-07T17:17:54.45047+00:00,other,BOTH,88c788cd-06c8-43a9-b429-aba0c440f2f4,8cccd224-b345-4834-92ce-2fbe792a849a,True,POLI CARTON,,100,True,2026-05-07T17:17:54.45047+00:00
True,True,True,classified_stock,TAPA_AVON,2026-05-07T17:18:04.11124+00:00,other,BOTH,6a15cf8a-9064-49a4-8795-946591fee553,71ae5dd0-fd76-45d0-8692-efde46ad74de,True,TAPA AVON,,100,True,2026-05-07T17:18:04.11124+00:00
True,True,True,classified_stock,CUBETAS,2026-05-07T17:18:24.895193+00:00,other,BOTH,6a15cf8a-9064-49a4-8795-946591fee553,705a3cf3-b6fd-4e8e-816b-7fc02b781b2b,True,CUBETAS,,100,True,2026-05-07T17:18:24.895193+00:00
True,True,True,classified_stock,GARRAFA_10_L,2026-05-07T17:18:52.732255+00:00,other,BOTH,6a15cf8a-9064-49a4-8795-946591fee553,738a129b-f578-409c-b78d-657e1e4dd3cd,True,GARRAFA 10 L,,100,True,2026-05-07T17:18:52.732255+00:00
True,True,True,classified_stock,GARRAFA_5_L,2026-05-07T17:19:06.141125+00:00,other,BOTH,6a15cf8a-9064-49a4-8795-946591fee553,449ac9db-8508-4b0f-b97c-c80c200d8024,True,GARRAFA 5 L,,100,True,2026-05-07T17:19:06.141125+00:00
True,True,True,classified_stock,TARIMAS_PLASTICO,2026-05-13T15:48:15.328148+00:00,plastic,BOTH,6a15cf8a-9064-49a4-8795-946591fee553,9c0219a5-238c-4548-8075-ddd6f85e830f,True,TARIMAS PLASTICO,,100,True,2026-05-13T15:48:15.328148+00:00
True,True,True,classified_stock,PLASTICO_SUCIO,2026-05-13T15:58:34.850134+00:00,plastic,BOTH,6a15cf8a-9064-49a4-8795-946591fee553,d48aeb02-2b86-48aa-b74c-4fd6197eb831,True,PLASTICO SUCIO,,100,True,2026-05-13T15:58:34.850134+00:00
True,True,True,classified_stock,GARRAFA_GRANDE,2026-05-14T15:20:21.719147+00:00,plastic,BOTH,6a15cf8a-9064-49a4-8795-946591fee553,c1935718-69ac-4789-bfb5-42bf9488298d,True,GARRAFA GRANDE,,100,True,2026-05-14T15:20:21.719147+00:00
True,True,True,classified_stock,GARRAFA_CHICA,2026-05-14T15:20:46.737562+00:00,other,BOTH,6a15cf8a-9064-49a4-8795-946591fee553,116a6758-f29d-4469-80cc-9f95721c6424,True,GARRAFA CHICA,,100,True,2026-05-14T15:20:46.737562+00:00
True,True,True,classified_stock,TAMBITO,2026-05-14T15:21:47.322593+00:00,plastic,BOTH,6a15cf8a-9064-49a4-8795-946591fee553,1a13c4d3-0eb8-4ef1-aef4-7f64d6a5ccea,True,TAMBITO,,100,True,2026-05-14T15:21:47.322593+00:00
True,True,True,classified_stock,GARRAFA_MEDIANA,2026-05-14T15:28:18.290921+00:00,plastic,BOTH,6a15cf8a-9064-49a4-8795-946591fee553,46519d92-5c49-4b9e-9056-3c6cdd63e5bb,True,GARRAFA MEDIANA,,100,True,2026-05-14T15:28:18.290921+00:00
True,True,True,classified_stock,TRAPO,2026-05-22T15:04:17.452865+00:00,other,BOTH,97e156d5-3719-4083-885c-e6a25af94015,30f4b5cd-722f-4dc0-83c6-84a2302f9cd6,True,TRAPO,,100,True,2026-05-22T15:04:17.452865+00:00
True,True,True,classified_stock,VIDRIO,2026-05-22T23:08:45.372479+00:00,other,BOTH,a3b39add-83a8-4b9e-92db-242b2b852a40,a2b5e9cd-62b1-4241-94f0-a3fbe78b4a6c,True,VIDRIO,,100,True,2026-05-22T23:08:45.372479+00:00
True,True,True,classified_stock,COBRE_BLANCO,2026-06-25T23:03:42.741706+00:00,other,BOTH,a3b39add-83a8-4b9e-92db-242b2b852a40,679b5016-f0f7-404b-b26c-6ee21d3bace7,True,COBRE BLANCO,,100,True,2026-06-25T23:03:42.741706+00:00
True,True,True,classified_stock,PLACA,2026-07-01T23:46:57.950492+00:00,other,BOTH,4c7a25df-991f-4443-9269-4e853df6fed3,c1c77774-b5d1-4f58-8ff4-2a3d14bfa392,True,PLACA,,100,True,2026-07-01T23:46:57.950492+00:00
True,True,True,classified_stock,CABLE,2026-07-07T18:09:49.271818+00:00,metal,BOTH,5f11bcd9-0712-4b59-a088-6cc731043cf4,c1ef464f-7517-4598-a997-87c363b34427,True,CABLE,,100,True,2026-07-07T18:09:49.271818+00:00
True,True,True,classified_stock,REJAS,2026-07-07T18:10:31.78849+00:00,metal,BOTH,8ea437ed-eaf3-4f10-991a-02aa19a9eb5a,24b99a8c-ff75-47b6-87f4-14a0f9a7bf10,True,REJAS,,100,True,2026-07-07T18:10:31.78849+00:00
True,True,True,classified_stock,CHAROLA_QUEMADA,2026-07-08T14:37:27.962998+00:00,scrap,BOTH,6a15cf8a-9064-49a4-8795-946591fee553,bd300fce-2f62-4e4d-b20a-7078858c87db,True,CHAROLA QUEMADA,,100,True,2026-07-08T14:37:27.962998+00:00
True,True,True,classified_stock,TARIMA_DE_PLASTICO,2026-07-08T18:28:53.652856+00:00,plastic,BOTH,6a15cf8a-9064-49a4-8795-946591fee553,25496e5c-bd8b-4199-83b5-6e395a2ba6ad,True,TARIMA DE PLASTICO,,100,True,2026-07-08T18:28:53.652856+00:00
