id,code,level,name,unit,category,family,general_material_id,is_active,notes,created_at,updated_at
ma_comercial_acero,ACERO,COMERCIAL,ACERO,KG,METAL,METAL,ma_general_metal,t,,"2026-06-10 21:20:26.722563+00","2026-07-08 16:41:50.181939+00"
ma_comercial_basura,BASURA,COMERCIAL,BASURA,KG,OTROS,OTROS,ma_general_otros,t,,"2026-06-10 21:20:26.722563+00","2026-07-08 16:41:50.181939+00"
ma_comercial_bote_aluminio,BOTE_ALUMINIO,COMERCIAL,"BOTE ALUMINIO",KG,METAL,METAL,ma_general_metal,t,,"2026-06-10 21:20:26.722563+00","2026-07-08 16:41:50.181939+00"
ma_comercial_carton_nacional,CARTON_NACIONAL,COMERCIAL,"CARTON NACIONAL",KG,CARTON,CARTON,ma_general_carton,t,,"2026-06-10 21:20:26.722563+00","2026-07-08 16:41:50.181939+00"
ma_comercial_chatarra,CHATARRA,COMERCIAL,CHATARRA,KG,CHATARRA,CHATARRA,ma_general_chatarra,t,,"2026-06-10 21:20:26.722563+00","2026-07-08 16:41:50.181939+00"
ma_comercial_cobre_2da,COBRE_2DA,COMERCIAL,"COBRE 2DA",KG,METAL,METAL,ma_general_metal,t,,"2026-04-28 19:25:00.793218+00","2026-07-08 16:41:50.181939+00"
ma_comercial_cobre_candy,COBRE_CANDY,COMERCIAL,"COBRE CANDY",KG,METAL,METAL,ma_general_metal,t,,"2026-04-28 19:25:00.793218+00","2026-07-08 16:41:50.181939+00"
ma_comercial_cobre_de_primera,COBRE_DE_PRIMERA,COMERCIAL,"COBRE DE PRIMERA",KG,METAL,METAL,ma_general_metal,t,,"2026-04-28 19:25:00.793218+00","2026-07-08 16:41:50.181939+00"
ma_comercial_cobre_de_segunda,COBRE_DE_SEGUNDA,COMERCIAL,"COBRE DE SEGUNDA",KG,METAL,METAL,ma_general_metal,t,,"2026-04-28 19:25:00.793218+00","2026-07-08 16:41:50.181939+00"
ma_comercial_fierro_vaciado,FIERRO_VACIADO,COMERCIAL,"FIERRO VACIADO",KG,CHATARRA,CHATARRA,ma_general_chatarra,t,,"2026-04-28 19:25:00.793218+00","2026-07-08 16:41:50.181939+00"
ma_comercial_flete,FLETE,COMERCIAL,FLETE,KG,OTROS,OTROS,ma_general_otros,t,,"2026-06-10 21:20:26.722563+00","2026-07-08 16:41:50.181939+00"
ma_comercial_folleto,FOLLETO,COMERCIAL,FOLLETO,KG,PAPEL,PAPEL,ma_general_papel,t,,"2026-06-10 21:20:26.722563+00","2026-07-08 16:41:50.181939+00"
ma_comercial_garrafa,GARRAFA,COMERCIAL,GARRAFA,KG,PLASTICO,PLASTICO,ma_general_plastico,t,,"2026-06-10 21:20:26.722563+00","2026-07-08 16:41:50.181939+00"
ma_comercial_lena,LENA,COMERCIAL,LENA,KG,MADERA,MADERA,ma_general_madera,t,,"2026-06-10 21:20:26.722563+00","2026-07-08 16:41:50.181939+00"
ma_comercial_madera,MADERA,COMERCIAL,MADERA,KG,MADERA,MADERA,ma_general_madera,f,,"2026-06-10 21:20:26.722563+00","2026-07-08 16:41:50.181939+00"
ma_comercial_mixto_para_procesar,MIXTO_PARA_PROCESAR,COMERCIAL,"MIXTO PARA PROCESAR",KG,CHATARRA,CHATARRA,ma_general_chatarra,t,,"2026-04-28 19:25:00.793218+00","2026-07-08 16:41:50.181939+00"
ma_comercial_ordinario_de_primera,ORDINARIO_DE_PRIMERA,COMERCIAL,"ORDINARIO DE PRIMERA",KG,CARTON,CARTON,ma_general_carton,t,,"2026-04-28 19:25:00.793218+00","2026-07-08 16:41:50.181939+00"
ma_comercial_ordinario_de_primera_entregado,ORDINARIO_DE_PRIMERA_ENTREGADO,COMERCIAL,"ORDINARIO DE PRIMERA ENTREGADO",KG,CARTON,CARTON,ma_general_carton,t,,"2026-04-28 19:25:00.793218+00","2026-07-08 16:41:50.181939+00"
ma_comercial_ordinario_de_primera_recogido,ORDINARIO_DE_PRIMERA_RECOGIDO,COMERCIAL,"ORDINARIO DE PRIMERA RECOGIDO",KG,CARTON,CARTON,ma_general_carton,t,,"2026-04-28 19:25:00.793218+00","2026-07-08 16:41:50.181939+00"
ma_comercial_plastico_duro,PLASTICO_DURO,COMERCIAL,"PLASTICO DURO",KG,PLASTICO,PLASTICO,ma_general_plastico,t,,"2026-04-28 19:25:00.793218+00","2026-07-08 16:41:50.181939+00"
ma_general_otros,OTROS,GENERAL,OTROS,KG,OTROS,,,t,"GENERAL BASE MAYOREO","2026-06-18 14:32:01.339691+00","2026-07-08 16:41:50.181939+00"
ma_general_textil,TEXTIL,GENERAL,TEXTIL,KG,TEXTIL,,,t,"GENERAL BASE MAYOREO","2026-06-18 14:32:01.339691+00","2026-07-08 16:41:50.181939+00"
ma_general_vidrio,VIDRIO,GENERAL,VIDRIO,KG,VIDRIO,,,t,"GENERAL BASE MAYOREO","2026-06-18 14:32:01.339691+00","2026-07-08 16:41:50.181939+00"
ma_comercial_caple,CAPLE,COMERCIAL,CAPLE,KG,CARTON,CARTON,ma_general_carton,t,,"2026-06-10 21:20:26.722563+00","2026-07-08 16:41:50.181939+00"
ma_comercial_radiador_de_aluminio,RADIADOR_DE_ALUMINIO,COMERCIAL,"RADIADOR DE ALUMINIO",KG,METAL,METAL,ma_general_metal,t,,"2026-04-28 19:25:00.793218+00","2026-07-08 16:41:50.181939+00"
ma_comercial_radiador_punta_de_cobre,RADIADOR_PUNTA_DE_COBRE,COMERCIAL,"RADIADOR PUNTA DE COBRE",KG,METAL,METAL,ma_general_metal,t,,"2026-04-28 19:25:00.793218+00","2026-07-08 16:41:50.181939+00"
ma_comercial_retorno_industrial,RETORNO_INDUSTRIAL,COMERCIAL,"RETORNO INDUSTRIAL",KG,CHATARRA,CHATARRA,ma_general_chatarra,t,,"2026-04-28 19:25:00.793218+00","2026-07-08 16:41:50.181939+00"
ma_comercial_retorno_industrial_alto_residual,RETORNO_INDUSTRIAL_ALTO_RESIDUAL,COMERCIAL,"RETORNO INDUSTRIAL ALTO RESIDUAL",KG,CHATARRA,CHATARRA,ma_general_chatarra,t,,"2026-04-28 19:25:00.793218+00","2026-07-08 16:41:50.181939+00"
ma_comercial_retorno_industrial_especial,RETORNO_INDUSTRIAL_ESPECIAL,COMERCIAL,"RETORNO INDUSTRIAL ESPECIAL",KG,CHATARRA,CHATARRA,ma_general_chatarra,t,,"2026-04-28 19:25:00.793218+00","2026-07-08 16:41:50.181939+00"
ma_comercial_retorno_industrial_para_procesar,RETORNO_INDUSTRIAL_PARA_PROCESAR,COMERCIAL,"RETORNO INDUSTRIAL PARA PROCESAR",KG,CHATARRA,CHATARRA,ma_general_chatarra,t,,"2026-04-28 19:25:00.793218+00","2026-07-08 16:41:50.181939+00"
ma_comercial_rin_chico,RIN_CHICO,COMERCIAL,"RIN CHICO",KG,CHATARRA,CHATARRA,ma_general_chatarra,f,,"2026-04-28 19:25:00.793218+00","2026-07-08 16:41:50.181939+00"
ma_comercial_rin_grande,RIN_GRANDE,COMERCIAL,"RIN GRANDE",KG,METAL,METAL,ma_general_metal,t,,"2026-04-28 19:25:00.793218+00","2026-07-08 16:41:50.181939+00"
ma_comercial_servicio_de_recoleccion_de_basura,SERVICIO_DE_RECOLECCION_DE_BASURA,COMERCIAL,"SERVICIO DE RECOLECCION DE BASURA",KG,OTROS,OTROS,ma_general_otros,t,,"2026-04-28 19:25:00.793218+00","2026-07-08 16:41:50.181939+00"
ma_comercial_spray,SPRAY,COMERCIAL,SPRAY,KG,METAL,METAL,ma_general_metal,t,,"2026-04-28 19:25:00.793218+00","2026-07-08 16:41:50.181939+00"
ma_comercial_tubo,TUBO,COMERCIAL,TUBO,KG,METAL,METAL,ma_general_metal,t,,"2026-04-28 19:25:00.793218+00","2026-07-08 16:41:50.181939+00"
ma_general_carton,CARTON,GENERAL,CARTON,KG,CARTON,,,t,"GENERAL BASE MAYOREO","2026-04-28 19:25:00.793218+00","2026-07-08 16:41:50.181939+00"
ma_general_chatarra,CHATARRA,GENERAL,CHATARRA,KG,CHATARRA,,,t,"GENERAL BASE MAYOREO","2026-04-28 19:25:00.793218+00","2026-07-08 16:41:50.181939+00"
ma_general_madera,MADERA,GENERAL,MADERA,KG,MADERA,,,t,"GENERAL BASE MAYOREO","2026-04-28 19:25:00.793218+00","2026-07-08 16:41:50.181939+00"
ma_general_metal,METAL,GENERAL,METAL,KG,METAL,,,t,"GENERAL BASE MAYOREO","2026-04-28 19:25:00.793218+00","2026-07-08 16:41:50.181939+00"
ma_general_papel,PAPEL,GENERAL,PAPEL,KG,PAPEL,,,t,"GENERAL BASE MAYOREO","2026-04-28 19:25:00.793218+00","2026-07-08 16:41:50.181939+00"
ma_general_plastico,PLASTICO,GENERAL,PLASTICO,KG,PLASTICO,,,t,"GENERAL BASE MAYOREO","2026-04-28 19:25:00.793218+00","2026-07-08 16:41:50.181939+00"
ma_comercial_paca_de_primera,PACA_DE_PRIMERA,COMERCIAL,"PACA DE PRIMERA",KG,CHATARRA,CHATARRA,ma_general_chatarra,t,,"2026-04-28 19:25:00.793218+00","2026-07-08 16:41:50.181939+00"
ma_comercial_papel_archivo,PAPEL_ARCHIVO,COMERCIAL,"PAPEL ARCHIVO",KG,PAPEL,PAPEL,ma_general_papel,t,,"2026-04-28 19:25:00.793218+00","2026-07-08 16:41:50.181939+00"
ma_comercial_papel_revuelto,PAPEL_REVUELTO,COMERCIAL,"PAPEL REVUELTO",KG,PAPEL,PAPEL,ma_general_papel,t,,"2026-04-28 19:25:00.793218+00","2026-07-08 16:41:50.181939+00"
ma_comercial_pesado_largo,PESADO_LARGO,COMERCIAL,"PESADO LARGO",KG,CHATARRA,CHATARRA,ma_general_chatarra,t,,"2026-04-28 19:25:00.793218+00","2026-07-08 16:41:50.181939+00"
ma_comercial_pesado_placa,PESADO_PLACA,COMERCIAL,"PESADO PLACA",KG,CHATARRA,CHATARRA,ma_general_chatarra,t,,"2026-04-28 19:25:00.793218+00","2026-07-08 16:41:50.181939+00"
ma_comercial_placa_y_estructura,PLACA_Y_ESTRUCTURA,COMERCIAL,"PLACA Y ESTRUCTURA",KG,CHATARRA,CHATARRA,ma_general_chatarra,t,,"2026-06-10 21:20:26.722563+00","2026-07-08 16:41:50.181939+00"
ma_comercial_placa_y_estructura_corta,PLACA_Y_ESTRUCTURA_CORTA,COMERCIAL,"PLACA Y ESTRUCTURA CORTA",KG,CHATARRA,CHATARRA,ma_general_chatarra,t,,"2026-04-28 19:25:00.793218+00","2026-07-08 16:41:50.181939+00"
ma_comercial_placa_y_estructura_larga,PLACA_Y_ESTRUCTURA_LARGA,COMERCIAL,"PLACA Y ESTRUCTURA LARGA",KG,CHATARRA,CHATARRA,ma_general_chatarra,t,,"2026-04-28 19:25:00.793218+00","2026-07-08 16:41:50.181939+00"
ma_comercial_plastico,PLASTICO,COMERCIAL,PLASTICO,KG,PLASTICO,PLASTICO,ma_general_plastico,t,,"2026-06-10 21:20:26.722563+00","2026-07-08 16:41:50.181939+00"
ma_comercial_prestamo,PRESTAMO,COMERCIAL,PRESTAMO,KG,OTROS,OTROS,ma_general_otros,t,,"2026-04-28 19:25:00.793218+00","2026-07-08 16:41:50.181939+00"
ma_comercial_rebaba,REBABA,COMERCIAL,REBABA,KG,CHATARRA,CHATARRA,ma_general_chatarra,t,,"2026-06-10 21:20:26.722563+00","2026-07-08 16:41:50.181939+00"
ma_comercial_tarimas,TARIMAS,COMERCIAL,TARIMAS,KG,MADERA,MADERA,ma_general_madera,t,,"2026-06-10 21:20:26.722563+00","2026-07-08 16:41:50.181939+00"
ma_comercial_unicel,UNICEL,COMERCIAL,UNICEL,KG,PLASTICO,PLASTICO,ma_general_plastico,t,,"2026-06-10 21:20:26.722563+00","2026-07-08 16:41:50.181939+00"
ma_comercial_folleto_color,FOLLETO_COLOR,COMERCIAL,"FOLLETO COLOR",KG,PAPEL,PAPEL,ma_general_papel,t,,"2026-04-28 19:25:00.793218+00","2026-07-08 16:41:50.181939+00"
ma_comercial_magazine,MAGAZINE,COMERCIAL,MAGAZINE,KG,PAPEL,PAPEL,ma_general_papel,t,,"2026-04-28 19:25:00.793218+00","2026-07-08 16:41:50.181939+00"
ma_comercial_mixto,MIXTO,COMERCIAL,MIXTO,KG,CHATARRA,CHATARRA,ma_general_chatarra,t,,"2026-04-28 19:25:00.793218+00","2026-07-08 16:41:50.181939+00"
ma_comercial_mixto_cizallado,MIXTO_CIZALLADO,COMERCIAL,"MIXTO CIZALLADO",KG,CHATARRA,CHATARRA,ma_general_chatarra,t,,"2026-04-28 19:25:00.793218+00","2026-07-08 16:41:50.181939+00"
ma_comercial_mixto_paca,MIXTO_PACA,COMERCIAL,"MIXTO PACA",KG,CHATARRA,CHATARRA,ma_general_chatarra,t,,"2026-04-28 19:25:00.793218+00","2026-07-08 16:41:50.181939+00"
ma_comercial_paca,PACA,COMERCIAL,PACA,KG,CHATARRA,CHATARRA,ma_general_chatarra,t,,"2026-04-28 19:25:00.793218+00","2026-07-08 16:41:50.181939+00"
ma_comercial_paca_de_segunda,PACA_DE_SEGUNDA,COMERCIAL,"PACA DE SEGUNDA",KG,CHATARRA,CHATARRA,ma_general_chatarra,t,,"2026-04-28 19:25:00.793218+00","2026-07-08 16:41:50.181939+00"
ma_comercial_paca_larga,PACA_LARGA,COMERCIAL,"PACA LARGA",KG,CHATARRA,CHATARRA,ma_general_chatarra,t,,"2026-04-28 19:25:00.793218+00","2026-07-08 16:41:50.181939+00"
ma_comercial_papel_revuelto_blanco_seleccion,PAPEL_REVUELTO_BLANCO_SELECCION,COMERCIAL,"PAPEL REVUELTO BLANCO SELECCION",KG,PAPEL,PAPEL,ma_general_papel,t,,"2026-04-28 19:25:00.793218+00","2026-07-08 16:41:50.181939+00"
ma_comercial_perfil,PERFIL,COMERCIAL,PERFIL,KG,METAL,METAL,ma_general_metal,t,,"2026-04-28 19:25:00.793218+00","2026-07-08 16:41:50.181939+00"
ma_comercial_perfil_con_pintura,PERFIL_CON_PINTURA,COMERCIAL,"PERFIL CON PINTURA",KG,METAL,METAL,ma_general_metal,t,,"2026-04-28 19:25:00.793218+00","2026-07-08 16:41:50.181939+00"
ma_comercial_pesado,PESADO,COMERCIAL,PESADO,KG,CHATARRA,CHATARRA,ma_general_chatarra,t,,"2026-04-28 19:25:00.793218+00","2026-07-08 16:41:50.181939+00"
ma_comercial_placa_de_aluminio,PLACA_DE_ALUMINIO,COMERCIAL,"PLACA DE ALUMINIO",KG,METAL,METAL,ma_general_metal,t,,"2026-04-28 19:25:00.793218+00","2026-07-08 16:41:50.181939+00"
ma_comercial_radiador_de_cobre,RADIADOR_DE_COBRE,COMERCIAL,"Radiador de Cobre",KG,METAL,METAL,ma_general_metal,f,,"2026-04-28 19:25:00.793218+00","2026-07-08 16:41:50.181939+00"
ma_comercial_radiador_laton,RADIADOR_LATON,COMERCIAL,"RADIADOR LATON",KG,METAL,METAL,ma_general_metal,t,,"2026-04-28 19:25:00.793218+00","2026-07-08 16:41:50.181939+00"
ma_comercial_rebaba_de_bronce,REBABA_DE_BRONCE,COMERCIAL,"REBABA DE BRONCE",KG,METAL,METAL,ma_general_metal,t,,"2026-04-28 19:25:00.793218+00","2026-07-08 16:41:50.181939+00"
ma_comercial_rin_de_aluminio,RIN_DE_ALUMINIO,COMERCIAL,"RIN DE ALUMINIO",KG,METAL,METAL,ma_general_metal,t,,"2026-04-28 19:25:00.793218+00","2026-07-08 16:41:50.181939+00"
ma_comercial_acero_con_pintura,ACERO_CON_PINTURA,COMERCIAL,"ACERO CON PINTURA",KG,METAL,METAL,ma_general_metal,t,,"2026-04-28 19:25:00.793218+00","2026-07-08 16:41:50.181939+00"
ma_comercial_acero_traste,ACERO_TRASTE,COMERCIAL,"ACERO TRASTE",KG,METAL,METAL,ma_general_metal,t,,"2026-04-28 19:25:00.793218+00","2026-07-08 16:41:50.181939+00"
ma_comercial_aluminio_blando,ALUMINIO_BLANDO,COMERCIAL,"ALUMINIO BLANDO",KG,METAL,METAL,ma_general_metal,t,,"2026-04-28 19:25:00.793218+00","2026-07-08 16:41:50.181939+00"
ma_comercial_aluminio_macizo,ALUMINIO_MACIZO,COMERCIAL,"ALUMINIO MACIZO",KG,METAL,METAL,ma_general_metal,t,,"2026-04-28 19:25:00.793218+00","2026-07-08 16:41:50.181939+00"
ma_comercial_alumiio_piston,ALUMINIO_PISTON,COMERCIAL,"ALUMINIO PISTON",KG,METAL,METAL,ma_general_metal,t,,"2026-04-28 19:25:00.793218+00","2026-07-08 16:41:50.181939+00"
ma_comercial_aluminio_rin_chico,ALUMINIO_RIN_CHICO,COMERCIAL,"ALUMINIO RIN CHICO",KG,METAL,METAL,ma_general_metal,t,,"2026-04-28 19:25:00.793218+00","2026-07-08 16:41:50.181939+00"
ma_comercial_aluminio_traste,ALUMINIO_TRASTE,COMERCIAL,"ALUMINIO TRASTE",KG,METAL,METAL,ma_general_metal,t,,"2026-04-28 19:25:00.793218+00","2026-07-08 16:41:50.181939+00"
ma_comercial_aluminio_tubo,ALUMINIO_TUBO,COMERCIAL,"ALUMINIO TUBO",KG,METAL,METAL,ma_general_metal,t,,"2026-04-28 19:25:00.793218+00","2026-07-08 16:41:50.181939+00"
ma_comercial_archivo_blanco,ARCHIVO_BLANCO,COMERCIAL,"ARCHIVO BLANCO",KG,PAPEL,PAPEL,ma_general_papel,t,,"2026-04-28 19:25:00.793218+00","2026-07-08 16:41:50.181939+00"
ma_comercial_bote,BOTE,COMERCIAL,BOTE,KG,CHATARRA,CHATARRA,ma_general_chatarra,t,,"2026-04-28 19:25:00.793218+00","2026-07-08 16:41:50.181939+00"
ma_comercial_bote_de_aluminio,BOTE_DE_ALUMINIO,COMERCIAL,"BOTE DE ALUMINIO",KG,METAL,METAL,ma_general_metal,t,,"2026-04-28 19:25:00.793218+00","2026-07-08 16:41:50.181939+00"
ma_comercial_bronce,BRONCE,COMERCIAL,BRONCE,KG,METAL,METAL,ma_general_metal,t,,"2026-04-28 19:25:00.793218+00","2026-07-08 16:41:50.181939+00"
ma_comercial_bronce_de_manganeso,BRONCE_DE_MANGANESO,COMERCIAL,"BRONCE DE MANGANESO",KG,METAL,METAL,ma_general_metal,t,,"2026-04-28 19:25:00.793218+00","2026-07-08 16:41:50.181939+00"
ma_comercial_candy,CANDY,COMERCIAL,CANDY,KG,CHATARRA,CHATARRA,ma_general_chatarra,f,,"2026-04-28 19:25:00.793218+00","2026-07-08 16:41:50.181939+00"
ma_comercial_carton_americano,CARTON_AMERICANO,COMERCIAL,"CARTON AMERICANO",KG,CARTON,CARTON,ma_general_carton,t,,"2026-04-28 19:25:00.793218+00","2026-07-08 16:41:50.181939+00"
ma_comercial_carton_celanese,CARTON_CELANESE,COMERCIAL,"CARTON CELANESE",KG,CARTON,CARTON,ma_general_carton,t,,"2026-04-28 19:25:00.793218+00","2026-07-08 16:41:50.181939+00"
ma_comercial_carton_limpio,CARTON_LIMPIO,COMERCIAL,"CARTON LIMPIO",KG,CARTON,CARTON,ma_general_carton,f,,"2026-04-28 19:25:00.793218+00","2026-07-08 16:41:50.181939+00"
ma_comercial_carton_nacional_en_pacas,CARTON_NACIONAL_EN_PACAS,COMERCIAL,"Carton Nacional en Pacas",KG,CARTON,CARTON,ma_general_carton,f,,"2026-04-28 19:25:00.793218+00","2026-07-08 16:41:50.181939+00"
ma_comercial_cobre_1era,COBRE_1ERA,COMERCIAL,"COBRE 1ERA",KG,METAL,METAL,ma_general_metal,t,,"2026-04-28 19:25:00.793218+00","2026-07-08 16:41:50.181939+00"