-- Seed real Mayoreo catalog/prices derived from CSV base
begin;

delete from public.mayoreo_counterparty_material_prices;
delete from public.mayoreo_material_catalog;
delete from public.mayoreo_counterparties;

insert into public.mayoreo_counterparties (
  id,
  code,
  name,
  contact,
  is_active,
  notes
) values
  ('co_seed_bio_pappel', 'BIO_PAPPEL', 'BIO PAPPEL', null, true, null),
  ('co_seed_desperdicios_queretana', 'DESPERDICIOS_QUERETANA', 'DESPERDICIOS QUERETANA', null, true, null),
  ('co_seed_desperdicios_queretana_cristo', 'DESPERDICIOS_QUERETANA_CRISTO', 'DESPERDICIOS QUERETANA CRISTO', null, true, null),
  ('co_seed_desperdicios_queretana_michel', 'DESPERDICIOS_QUERETANA_MICHEL', 'DESPERDICIOS QUERETANA MICHEL', null, true, null),
  ('co_seed_desperdicios_queretana_san_luis', 'DESPERDICIOS_QUERETANA_SAN_LUIS', 'DESPERDICIOS QUERETANA SAN LUIS', null, true, null),
  ('co_seed_desperdicios_queretana_san_pablo', 'DESPERDICIOS_QUERETANA_SAN_PABLO', 'DESPERDICIOS QUERETANA SAN PABLO', null, true, null),
  ('co_seed_dicdi_proyectos', 'DICDI_PROYECTOS', 'DICDI PROYECTOS', null, true, null),
  ('co_seed_el_palomar', 'EL_PALOMAR', 'EL PALOMAR', null, true, null),
  ('co_seed_el_palomar_guadalajara', 'EL_PALOMAR_GUADALAJARA', 'EL PALOMAR GUADALAJARA', null, true, null),
  ('co_seed_fanosa', 'FANOSA', 'FANOSA', null, true, null),
  ('co_seed_fernando_rubio', 'FERNANDO_RUBIO', 'FERNANDO RUBIO', null, false, null),
  ('co_seed_grupak', 'GRUPAK', 'GRUPAK', null, true, null),
  ('co_seed_ignacio_melgoza', 'IGNACIO_MELGOZA', 'IGNACIO MELGOZA', null, true, null),
  ('co_seed_jaime_velazquez', 'JAIME_VELAZQUEZ', 'JAIME VELAZQUEZ', null, true, null),
  ('co_seed_jose_rodriguez', 'JOSE_RODRIGUEZ', 'JOSE RODRIGUEZ', null, true, null),
  ('co_seed_ks', 'KS', 'KS', null, true, null),
  ('co_seed_mac', 'MAC', 'MAC', null, true, null),
  ('co_seed_majose', 'MAJOSE', 'MAJOSE', null, false, null),
  ('co_seed_majose_suacero', 'MAJOSE_SUACERO', 'MAJOSE SUACERO', null, true, null),
  ('co_seed_majose_yair', 'MAJOSE_YAIR', 'MAJOSE YAIR', null, true, null),
  ('co_seed_monroe_mexico', 'MONROE_MEXICO', 'MONROE MEXICO', null, true, null),
  ('co_seed_norma_castillo', 'NORMA_CASTILLO', 'NORMA CASTILLO', null, true, null),
  ('co_seed_plexa', 'PLEXA', 'PLEXA', null, true, null),
  ('co_seed_raqsa', 'RAQSA', 'RAQSA', null, true, null),
  ('co_seed_ricardo_garcia_mendieta', 'RICARDO_GARCIA_MENDIETA', 'Ricardo Garcia Mendieta', null, false, null),
  ('co_seed_servin', 'SERVIN', 'SERVIN', null, false, null),
  ('co_seed_setex', 'SETEX', 'SETEX', null, true, null),
  ('co_seed_sra_rita', 'SRA_RITA', 'SRA RITA', null, true, null),
  ('co_seed_yorozu', 'YOROZU', 'YOROZU', null, true, null)
on conflict (id) do update
set
  code = excluded.code,
  name = excluded.name,
  contact = excluded.contact,
  is_active = excluded.is_active,
  notes = excluded.notes;

insert into public.mayoreo_material_catalog (
  id,
  code,
  level,
  name,
  unit,
  category,
  family,
  general_material_id,
  is_active,
  notes
) values
  ('ma_general_carton', 'CARTON', 'GENERAL', 'CARTON', 'KG', 'CARTON', null, null, true, 'GENERAL BASE MAYOREO'),
  ('ma_general_chatarra', 'CHATARRA', 'GENERAL', 'CHATARRA', 'KG', 'CHATARRA', null, null, true, 'GENERAL BASE MAYOREO'),
  ('ma_general_metal', 'METAL', 'GENERAL', 'METAL', 'KG', 'METAL', null, null, true, 'GENERAL BASE MAYOREO'),
  ('ma_general_plastico', 'PLASTICO', 'GENERAL', 'PLASTICO', 'KG', 'PLASTICO', null, null, true, 'GENERAL BASE MAYOREO'),
  ('ma_general_madera', 'MADERA', 'GENERAL', 'MADERA', 'KG', 'MADERA', null, null, true, 'GENERAL BASE MAYOREO'),
  ('ma_general_papel', 'PAPEL', 'GENERAL', 'PAPEL', 'KG', 'PAPEL', null, null, true, 'GENERAL BASE MAYOREO'),
  ('ma_comercial_ordinario_de_primera_recogido', 'ORDINARIO_DE_PRIMERA_RECOGIDO', 'COMERCIAL', 'ORDINARIO DE PRIMERA RECOGIDO', 'KG', 'PAPEL', 'PAPEL', 'ma_general_papel', true, null),
  ('ma_comercial_papel_archivo', 'PAPEL_ARCHIVO', 'COMERCIAL', 'PAPEL ARCHIVO', 'KG', 'PAPEL', 'PAPEL', 'ma_general_papel', true, null),
  ('ma_comercial_papel_revuelto', 'PAPEL_REVUELTO', 'COMERCIAL', 'PAPEL REVUELTO', 'KG', 'PAPEL', 'PAPEL', 'ma_general_papel', true, null),
  ('ma_comercial_ordinario_de_primera_entregado', 'ORDINARIO_DE_PRIMERA_ENTREGADO', 'COMERCIAL', 'ORDINARIO DE PRIMERA ENTREGADO', 'KG', 'PAPEL', 'PAPEL', 'ma_general_papel', true, null),
  ('ma_comercial_paca_de_primera', 'PACA_DE_PRIMERA', 'COMERCIAL', 'PACA DE PRIMERA', 'KG', 'METAL', 'METAL', 'ma_general_metal', true, null),
  ('ma_comercial_rebaba', 'REBABA', 'COMERCIAL', 'REBABA', 'KG', 'METAL', 'METAL', 'ma_general_metal', true, null),
  ('ma_comercial_retorno_industrial', 'RETORNO_INDUSTRIAL', 'COMERCIAL', 'RETORNO INDUSTRIAL', 'KG', 'METAL', 'METAL', 'ma_general_metal', true, null),
  ('ma_comercial_retorno_industrial_alto_residual', 'RETORNO_INDUSTRIAL_ALTO_RESIDUAL', 'COMERCIAL', 'RETORNO INDUSTRIAL ALTO RESIDUAL', 'KG', 'METAL', 'METAL', 'ma_general_metal', true, null),
  ('ma_comercial_retorno_industrial_para_procesar', 'RETORNO_INDUSTRIAL_PARA_PROCESAR', 'COMERCIAL', 'RETORNO INDUSTRIAL PARA PROCESAR', 'KG', 'METAL', 'METAL', 'ma_general_metal', true, null),
  ('ma_comercial_placa_y_estructura_larga', 'PLACA_Y_ESTRUCTURA_LARGA', 'COMERCIAL', 'PLACA Y ESTRUCTURA LARGA', 'KG', 'METAL', 'METAL', 'ma_general_metal', true, null),
  ('ma_comercial_pesado', 'PESADO', 'COMERCIAL', 'PESADO', 'KG', 'METAL', 'METAL', 'ma_general_metal', true, null),
  ('ma_comercial_pesado_largo', 'PESADO_LARGO', 'COMERCIAL', 'PESADO LARGO', 'KG', 'METAL', 'METAL', 'ma_general_metal', true, null),
  ('ma_comercial_mixto', 'MIXTO', 'COMERCIAL', 'MIXTO', 'KG', 'METAL', 'METAL', 'ma_general_metal', true, null),
  ('ma_comercial_mixto_para_procesar', 'MIXTO_PARA_PROCESAR', 'COMERCIAL', 'MIXTO PARA PROCESAR', 'KG', 'METAL', 'METAL', 'ma_general_metal', true, null),
  ('ma_comercial_paca_de_segunda', 'PACA_DE_SEGUNDA', 'COMERCIAL', 'PACA DE SEGUNDA', 'KG', 'METAL', 'METAL', 'ma_general_metal', true, null),
  ('ma_comercial_bote', 'BOTE', 'COMERCIAL', 'BOTE', 'KG', 'METAL', 'METAL', 'ma_general_metal', true, null),
  ('ma_comercial_placa_y_estructura', 'PLACA_Y_ESTRUCTURA', 'COMERCIAL', 'PLACA Y ESTRUCTURA', 'KG', 'METAL', 'METAL', 'ma_general_metal', true, null),
  ('ma_comercial_servicio_de_recoleccion_de_basura', 'SERVICIO_DE_RECOLECCION_DE_BASURA', 'COMERCIAL', 'SERVICIO DE RECOLECCION DE BASURA', 'KG', 'METAL', 'METAL', 'ma_general_metal', true, null),
  ('ma_comercial_chatarra', 'CHATARRA', 'COMERCIAL', 'CHATARRA', 'KG', 'CHATARRA', 'CHATARRA', 'ma_general_chatarra', true, null),
  ('ma_comercial_retorno_industrial_especial', 'RETORNO_INDUSTRIAL_ESPECIAL', 'COMERCIAL', 'RETORNO INDUSTRIAL ESPECIAL', 'KG', 'METAL', 'METAL', 'ma_general_metal', true, null),
  ('ma_comercial_flete', 'FLETE', 'COMERCIAL', 'FLETE', 'KG', 'METAL', 'METAL', 'ma_general_metal', true, null),
  ('ma_comercial_ordinario_de_primera', 'ORDINARIO_DE_PRIMERA', 'COMERCIAL', 'ORDINARIO DE PRIMERA', 'KG', 'PAPEL', 'PAPEL', 'ma_general_papel', true, null),
  ('ma_comercial_basura', 'BASURA', 'COMERCIAL', 'BASURA', 'KG', 'METAL', 'METAL', 'ma_general_metal', true, null),
  ('ma_comercial_acero', 'ACERO', 'COMERCIAL', 'ACERO', 'KG', 'METAL', 'METAL', 'ma_general_metal', true, null),
  ('ma_comercial_carton_nacional', 'CARTON_NACIONAL', 'COMERCIAL', 'CARTON NACIONAL', 'KG', 'CARTON', 'CARTON', 'ma_general_carton', true, null),
  ('ma_comercial_fierro_vaciado', 'FIERRO_VACIADO', 'COMERCIAL', 'FIERRO VACIADO', 'KG', 'CHATARRA', 'CHATARRA', 'ma_general_chatarra', true, null),
  ('ma_comercial_prestamo', 'PRESTAMO', 'COMERCIAL', 'PRESTAMO', 'KG', 'METAL', 'METAL', 'ma_general_metal', true, null),
  ('ma_comercial_mixto_paca', 'MIXTO_PACA', 'COMERCIAL', 'MIXTO PACA', 'KG', 'METAL', 'METAL', 'ma_general_metal', true, null),
  ('ma_comercial_pesado_placa', 'PESADO_PLACA', 'COMERCIAL', 'PESADO PLACA', 'KG', 'METAL', 'METAL', 'ma_general_metal', true, null),
  ('ma_comercial_paca', 'PACA', 'COMERCIAL', 'PACA', 'KG', 'METAL', 'METAL', 'ma_general_metal', true, null),
  ('ma_comercial_unicel', 'UNICEL', 'COMERCIAL', 'UNICEL', 'KG', 'METAL', 'METAL', 'ma_general_metal', true, null),
  ('ma_comercial_madera', 'MADERA', 'COMERCIAL', 'MADERA', 'KG', 'MADERA', 'MADERA', 'ma_general_madera', false, null),
  ('ma_comercial_carton_celanese', 'CARTON_CELANESE', 'COMERCIAL', 'CARTON CELANESE', 'KG', 'CARTON', 'CARTON', 'ma_general_carton', true, null),
  ('ma_comercial_cobre_1era', 'COBRE_1ERA', 'COMERCIAL', 'COBRE 1ERA', 'KG', 'METAL', 'METAL', 'ma_general_metal', true, null),
  ('ma_comercial_cobre_2da', 'COBRE_2DA', 'COMERCIAL', 'COBRE 2DA', 'KG', 'METAL', 'METAL', 'ma_general_metal', true, null),
  ('ma_comercial_aluminio_blando', 'ALUMINIO_BLANDO', 'COMERCIAL', 'ALUMINIO BLANDO', 'KG', 'METAL', 'METAL', 'ma_general_metal', true, null),
  ('ma_comercial_bronce', 'BRONCE', 'COMERCIAL', 'BRONCE', 'KG', 'METAL', 'METAL', 'ma_general_metal', true, null),
  ('ma_comercial_radiador_de_aluminio', 'RADIADOR_DE_ALUMINIO', 'COMERCIAL', 'RADIADOR DE ALUMINIO', 'KG', 'METAL', 'METAL', 'ma_general_metal', true, null),
  ('ma_comercial_radiador_punta_de_cobre', 'RADIADOR_PUNTA_DE_COBRE', 'COMERCIAL', 'RADIADOR PUNTA DE COBRE', 'KG', 'METAL', 'METAL', 'ma_general_metal', true, null),
  ('ma_comercial_bote_aluminio', 'BOTE_ALUMINIO', 'COMERCIAL', 'BOTE ALUMINIO', 'KG', 'METAL', 'METAL', 'ma_general_metal', true, null),
  ('ma_comercial_tubo', 'TUBO', 'COMERCIAL', 'TUBO', 'KG', 'METAL', 'METAL', 'ma_general_metal', true, null),
  ('ma_comercial_perfil_con_pintura', 'PERFIL_CON_PINTURA', 'COMERCIAL', 'PERFIL CON PINTURA', 'KG', 'METAL', 'METAL', 'ma_general_metal', true, null),
  ('ma_comercial_rin_grande', 'RIN_GRANDE', 'COMERCIAL', 'RIN GRANDE', 'KG', 'METAL', 'METAL', 'ma_general_metal', true, null),
  ('ma_comercial_rin_chico', 'RIN_CHICO', 'COMERCIAL', 'RIN CHICO', 'KG', 'METAL', 'METAL', 'ma_general_metal', false, null),
  ('ma_comercial_cobre_candy', 'COBRE_CANDY', 'COMERCIAL', 'COBRE CANDY', 'KG', 'METAL', 'METAL', 'ma_general_metal', true, null),
  ('ma_comercial_aluminio_macizo', 'ALUMINIO_MACIZO', 'COMERCIAL', 'ALUMINIO MACIZO', 'KG', 'METAL', 'METAL', 'ma_general_metal', true, null),
  ('ma_comercial_spray', 'SPRAY', 'COMERCIAL', 'SPRAY', 'KG', 'METAL', 'METAL', 'ma_general_metal', true, null),
  ('ma_comercial_acero_con_pintura', 'ACERO_CON_PINTURA', 'COMERCIAL', 'ACERO CON PINTURA', 'KG', 'METAL', 'METAL', 'ma_general_metal', true, null),
  ('ma_comercial_archivo_blanco', 'ARCHIVO_BLANCO', 'COMERCIAL', 'ARCHIVO BLANCO', 'KG', 'PAPEL', 'PAPEL', 'ma_general_papel', true, null),
  ('ma_comercial_folleto_color', 'FOLLETO_COLOR', 'COMERCIAL', 'FOLLETO COLOR', 'KG', 'METAL', 'METAL', 'ma_general_metal', true, null),
  ('ma_comercial_magazine', 'MAGAZINE', 'COMERCIAL', 'MAGAZINE', 'KG', 'METAL', 'METAL', 'ma_general_metal', true, null),
  ('ma_comercial_papel_revuelto_blanco_seleccion', 'PAPEL_REVUELTO_BLANCO_SELECCION', 'COMERCIAL', 'PAPEL REVUELTO BLANCO SELECCION', 'KG', 'PAPEL', 'PAPEL', 'ma_general_papel', true, null),
  ('ma_comercial_folleto', 'FOLLETO', 'COMERCIAL', 'FOLLETO', 'KG', 'METAL', 'METAL', 'ma_general_metal', true, null),
  ('ma_comercial_paca_larga', 'PACA_LARGA', 'COMERCIAL', 'PACA LARGA', 'KG', 'METAL', 'METAL', 'ma_general_metal', true, null),
  ('ma_comercial_mixto_cizallado', 'MIXTO_CIZALLADO', 'COMERCIAL', 'MIXTO CIZALLADO', 'KG', 'METAL', 'METAL', 'ma_general_metal', true, null),
  ('ma_comercial_placa_y_estructura_corta', 'PLACA_Y_ESTRUCTURA_CORTA', 'COMERCIAL', 'PLACA Y ESTRUCTURA CORTA', 'KG', 'METAL', 'METAL', 'ma_general_metal', true, null),
  ('ma_comercial_lena', 'LENA', 'COMERCIAL', 'LENA', 'KG', 'METAL', 'METAL', 'ma_general_metal', true, null),
  ('ma_comercial_plastico_duro', 'PLASTICO_DURO', 'COMERCIAL', 'PLASTICO DURO', 'KG', 'PLASTICO', 'PLASTICO', 'ma_general_plastico', true, null),
  ('ma_comercial_plastico', 'PLASTICO', 'COMERCIAL', 'PLASTICO', 'KG', 'PLASTICO', 'PLASTICO', 'ma_general_plastico', true, null),
  ('ma_comercial_tarimas', 'TARIMAS', 'COMERCIAL', 'TARIMAS', 'KG', 'MADERA', 'MADERA', 'ma_general_madera', true, null),
  ('ma_comercial_garrafa', 'GARRAFA', 'COMERCIAL', 'GARRAFA', 'KG', 'METAL', 'METAL', 'ma_general_metal', true, null),
  ('ma_comercial_bote_de_aluminio', 'BOTE_DE_ALUMINIO', 'COMERCIAL', 'BOTE DE ALUMINIO', 'KG', 'METAL', 'METAL', 'ma_general_metal', true, null),
  ('ma_comercial_placa_de_aluminio', 'PLACA_DE_ALUMINIO', 'COMERCIAL', 'PLACA DE ALUMINIO', 'KG', 'METAL', 'METAL', 'ma_general_metal', true, null),
  ('ma_comercial_perfil', 'PERFIL', 'COMERCIAL', 'PERFIL', 'KG', 'METAL', 'METAL', 'ma_general_metal', true, null),
  ('ma_comercial_aluminio_rin_chico', 'ALUMINIO_RIN_CHICO', 'COMERCIAL', 'ALUMINIO RIN CHICO', 'KG', 'METAL', 'METAL', 'ma_general_metal', true, null),
  ('ma_comercial_alumiio_piston', 'ALUMIIO_PISTON', 'COMERCIAL', 'ALUMIIO PISTON', 'KG', 'METAL', 'METAL', 'ma_general_metal', true, null),
  ('ma_comercial_aluminio_tubo', 'ALUMINIO_TUBO', 'COMERCIAL', 'ALUMINIO TUBO', 'KG', 'METAL', 'METAL', 'ma_general_metal', true, null),
  ('ma_comercial_rin_de_aluminio', 'RIN_DE_ALUMINIO', 'COMERCIAL', 'RIN DE ALUMINIO', 'KG', 'METAL', 'METAL', 'ma_general_metal', true, null),
  ('ma_comercial_cobre_de_primera', 'COBRE_DE_PRIMERA', 'COMERCIAL', 'COBRE DE PRIMERA', 'KG', 'METAL', 'METAL', 'ma_general_metal', true, null),
  ('ma_comercial_cobre_de_segunda', 'COBRE_DE_SEGUNDA', 'COMERCIAL', 'COBRE DE SEGUNDA', 'KG', 'METAL', 'METAL', 'ma_general_metal', true, null),
  ('ma_comercial_bronce_de_manganeso', 'BRONCE_DE_MANGANESO', 'COMERCIAL', 'BRONCE DE MANGANESO', 'KG', 'METAL', 'METAL', 'ma_general_metal', true, null),
  ('ma_comercial_radiador_laton', 'RADIADOR_LATON', 'COMERCIAL', 'RADIADOR LATON', 'KG', 'METAL', 'METAL', 'ma_general_metal', true, null),
  ('ma_comercial_aluminio_traste', 'ALUMINIO_TRASTE', 'COMERCIAL', 'ALUMINIO TRASTE', 'KG', 'METAL', 'METAL', 'ma_general_metal', true, null),
  ('ma_comercial_caple', 'CAPLE', 'COMERCIAL', 'CAPLE', 'KG', 'METAL', 'METAL', 'ma_general_metal', true, null),
  ('ma_comercial_carton_americano', 'CARTON_AMERICANO', 'COMERCIAL', 'CARTON AMERICANO', 'KG', 'CARTON', 'CARTON', 'ma_general_carton', true, null),
  ('ma_comercial_carton_nacional_en_pacas', 'CARTON_NACIONAL_EN_PACAS', 'COMERCIAL', 'Carton Nacional en Pacas', 'KG', 'CARTON', 'CARTON', 'ma_general_carton', false, null),
  ('ma_comercial_carton_limpio', 'CARTON_LIMPIO', 'COMERCIAL', 'CARTON LIMPIO', 'KG', 'CARTON', 'CARTON', 'ma_general_carton', false, null),
  ('ma_comercial_rebaba_de_bronce', 'REBABA_DE_BRONCE', 'COMERCIAL', 'REBABA DE BRONCE', 'KG', 'METAL', 'METAL', 'ma_general_metal', true, null),
  ('ma_comercial_acero_traste', 'ACERO_TRASTE', 'COMERCIAL', 'ACERO TRASTE', 'KG', 'METAL', 'METAL', 'ma_general_metal', true, null),
  ('ma_comercial_candy', 'CANDY', 'COMERCIAL', 'Candy', 'KG', 'METAL', 'METAL', 'ma_general_metal', false, null),
  ('ma_comercial_radiador_de_cobre', 'RADIADOR_DE_COBRE', 'COMERCIAL', 'Radiador de Cobre', 'KG', 'METAL', 'METAL', 'ma_general_metal', false, null)
on conflict (id) do update
set
  code = excluded.code,
  level = excluded.level,
  name = excluded.name,
  unit = excluded.unit,
  category = excluded.category,
  family = excluded.family,
  general_material_id = excluded.general_material_id,
  is_active = excluded.is_active,
  notes = excluded.notes;

insert into public.mayoreo_counterparty_material_prices (
  id,
  company_id,
  material_id,
  final_price,
  is_active,
  notes
) values
  ('pr_bio_pappel_ordinario_de_primera_recogido', 'co_seed_bio_pappel', 'ma_comercial_ordinario_de_primera_recogido', 2.20, true, null),
  ('pr_bio_pappel_papel_archivo', 'co_seed_bio_pappel', 'ma_comercial_papel_archivo', 5.50, true, null),
  ('pr_bio_pappel_papel_revuelto', 'co_seed_bio_pappel', 'ma_comercial_papel_revuelto', 3.00, true, null),
  ('pr_bio_pappel_ordinario_de_primera_entregado', 'co_seed_bio_pappel', 'ma_comercial_ordinario_de_primera_entregado', 3.20, true, null),
  ('pr_desperdicios_queretana_paca_de_primera', 'co_seed_desperdicios_queretana', 'ma_comercial_paca_de_primera', 5.77, true, null),
  ('pr_desperdicios_queretana_rebaba', 'co_seed_desperdicios_queretana', 'ma_comercial_rebaba', 4.77, true, null),
  ('pr_desperdicios_queretana_retorno_industrial', 'co_seed_desperdicios_queretana', 'ma_comercial_retorno_industrial', 5.77, true, null),
  ('pr_desperdicios_queretana_retorno_industrial_alto_residual', 'co_seed_desperdicios_queretana', 'ma_comercial_retorno_industrial_alto_residual', 5.17, true, null),
  ('pr_desperdicios_queretana_retorno_industrial_para_procesar', 'co_seed_desperdicios_queretana', 'ma_comercial_retorno_industrial_para_procesar', 5.62, true, null),
  ('pr_desperdicios_queretana_placa_y_estructura_larga', 'co_seed_desperdicios_queretana', 'ma_comercial_placa_y_estructura_larga', 5.27, true, null),
  ('pr_desperdicios_queretana_pesado', 'co_seed_desperdicios_queretana', 'ma_comercial_pesado', 5.07, true, null),
  ('pr_desperdicios_queretana_pesado_largo', 'co_seed_desperdicios_queretana', 'ma_comercial_pesado_largo', 4.97, true, null),
  ('pr_desperdicios_queretana_mixto', 'co_seed_desperdicios_queretana', 'ma_comercial_mixto', 4.97, true, null),
  ('pr_desperdicios_queretana_mixto_para_procesar', 'co_seed_desperdicios_queretana', 'ma_comercial_mixto_para_procesar', 4.87, true, null),
  ('pr_desperdicios_queretana_paca_de_segunda', 'co_seed_desperdicios_queretana', 'ma_comercial_paca_de_segunda', 3.37, true, null),
  ('pr_desperdicios_queretana_bote', 'co_seed_desperdicios_queretana', 'ma_comercial_bote', 4.37, true, null),
  ('pr_desperdicios_queretana_placa_y_estructura', 'co_seed_desperdicios_queretana', 'ma_comercial_placa_y_estructura', 5.47, true, null),
  ('pr_desperdicios_queretana_servicio_de_recoleccion_de_basura', 'co_seed_desperdicios_queretana', 'ma_comercial_servicio_de_recoleccion_de_basura', 1.00, true, null),
  ('pr_desperdicios_queretana_chatarra', 'co_seed_desperdicios_queretana', 'ma_comercial_chatarra', 5.65, true, null),
  ('pr_desperdicios_queretana_retorno_industrial_especial', 'co_seed_desperdicios_queretana', 'ma_comercial_retorno_industrial_especial', 6.20, true, null),
  ('pr_desperdicios_queretana_flete', 'co_seed_desperdicios_queretana', 'ma_comercial_flete', 0.35, true, null),
  ('pr_desperdicios_queretana_cristo_rebaba', 'co_seed_desperdicios_queretana_cristo', 'ma_comercial_rebaba', 5.50, true, 'sube .20 el 3/02/26-sube .20 el 19/02/26-SUBE .10 3/03/26-baja .40 el 10-03-26-baja .40 el 19/03/26-baja .40 24/03/26-14/04/26 SUBE A 5.50'),
  ('pr_desperdicios_queretana_michel_mixto', 'co_seed_desperdicios_queretana_michel', 'ma_comercial_mixto', 5.50, true, '14/04/26'),
  ('pr_desperdicios_queretana_san_luis_ordinario_de_primera', 'co_seed_desperdicios_queretana_san_luis', 'ma_comercial_ordinario_de_primera', 2.60, true, null),
  ('pr_desperdicios_queretana_san_luis_ordinario_de_primera_recogido', 'co_seed_desperdicios_queretana_san_luis', 'ma_comercial_ordinario_de_primera_recogido', 3.80, true, null),
  ('pr_desperdicios_queretana_san_pablo_ordinario_de_primera', 'co_seed_desperdicios_queretana_san_pablo', 'ma_comercial_ordinario_de_primera', 2.50, true, null),
  ('pr_desperdicios_queretana_san_pablo_ordinario_de_primera_recogido', 'co_seed_desperdicios_queretana_san_pablo', 'ma_comercial_ordinario_de_primera_recogido', 2.50, true, null),
  ('pr_dicdi_proyectos_basura', 'co_seed_dicdi_proyectos', 'ma_comercial_basura', 1.00, true, null),
  ('pr_el_palomar_acero', 'co_seed_el_palomar', 'ma_comercial_acero', 1.00, true, null),
  ('pr_el_palomar_carton_nacional', 'co_seed_el_palomar', 'ma_comercial_carton_nacional', 2.70, true, null),
  ('pr_el_palomar_ordinario_de_primera', 'co_seed_el_palomar', 'ma_comercial_ordinario_de_primera', 2.40, true, 'baja .20 el 3/02/26-baja .30 el  16/02/26-baja .30 el 23/02/26'),
  ('pr_el_palomar_paca_de_primera', 'co_seed_el_palomar', 'ma_comercial_paca_de_primera', 6.70, true, 'sube .25 el 13/01/26-sube .10 el 19/01/26-ssube .20 el 3/02/26-23/03/26-baja .40 el 6/04/26'),
  ('pr_el_palomar_rebaba', 'co_seed_el_palomar', 'ma_comercial_rebaba', 4.90, true, 'sube .25 el 13/01/26-sube .10 el 19/01/26-sube .20 el 3/02/26-baja .40 el 16/03/26-23/03/26-baja .40 el 6/04/26'),
  ('pr_el_palomar_retorno_industrial', 'co_seed_el_palomar', 'ma_comercial_retorno_industrial', 6.70, true, 'sube .25 el 13/01/26-sube .20 el 3/02/26-baja .40 el 16/03/26-23/03/26-baja .40 el 6/04/26'),
  ('pr_el_palomar_retorno_industrial_alto_residual', 'co_seed_el_palomar', 'ma_comercial_retorno_industrial_alto_residual', 6.10, true, 'sube .25 el 13/01/26-sube .10 el 19/01/26-sube .20 el 3/02/26-baja .40 el 16/03/26-23/03/26-baja .40 el 6/04/26'),
  ('pr_el_palomar_retorno_industrial_para_procesar', 'co_seed_el_palomar', 'ma_comercial_retorno_industrial_para_procesar', 6.55, true, 'sube .25 el 13/01/26-sube .10 el 19/01/26-sube .20 el 3/02/26-baja .40 el 16/03/26-23/03/26-baja .40 el 6/04/26'),
  ('pr_el_palomar_mixto', 'co_seed_el_palomar', 'ma_comercial_mixto', 6.10, true, 'sube .25 el 13/1/26-sube .10 el 19/01/26-sube .20 el 3/02/26-baja .40 el 16/03/26-23/03/26-baja .40 el 6/04/26'),
  ('pr_el_palomar_pesado', 'co_seed_el_palomar', 'ma_comercial_pesado', 6.20, true, 'sube .25 el 13/01/06-sube .10 el 19/01/26-sube .20 el 3/02/26-baja .40 el 16/03/26-23/03/26-baja .40 el 6/04/26'),
  ('pr_el_palomar_bote', 'co_seed_el_palomar', 'ma_comercial_bote', 5.50, true, 'sube .25 el 13/01/26-sube .10 el 19/01/26-sube .20 el 3/02/26-baja .40 el 16/03/26-23/03/26-baja .40 el 6/04/26'),
  ('pr_el_palomar_placa_y_estructura', 'co_seed_el_palomar', 'ma_comercial_placa_y_estructura', 6.30, true, 'sube . 25 el 13/01/26-sube .20 el 3/02/26-baja .40 el 16/03/26-23/03/26-baja .40 el 6/04/26'),
  ('pr_el_palomar_mixto_para_procesar', 'co_seed_el_palomar', 'ma_comercial_mixto_para_procesar', 6.00, true, 'sube .25 el 13/01/26-sube .10 el 19/01/26-sube .20 el 3/02/26- baja .40 el 16/03/26-23/03/26-baja .40 el 6/04/26'),
  ('pr_el_palomar_paca_de_segunda', 'co_seed_el_palomar', 'ma_comercial_paca_de_segunda', 5.80, true, 'sube .25 el 13/01/26-sube .10 el 19/1/26-sube .20 el 3/02/26-baja .40 el 16/03/26-23/06/26-baja .40 el 6/04/26'),
  ('pr_el_palomar_placa_y_estructura_larga', 'co_seed_el_palomar', 'ma_comercial_placa_y_estructura_larga', 6.20, true, 'sube .25 el 13/01/26-sube .20 el 3/02/26-baja .40 el 16/03/26-23/03/26-baja .40 el 6/04/26'),
  ('pr_el_palomar_pesado_largo', 'co_seed_el_palomar', 'ma_comercial_pesado_largo', 6.50, true, '19/01/26-23/03/26'),
  ('pr_el_palomar_fierro_vaciado', 'co_seed_el_palomar', 'ma_comercial_fierro_vaciado', 4.65, true, null),
  ('pr_el_palomar_prestamo', 'co_seed_el_palomar', 'ma_comercial_prestamo', 1.00, true, null),
  ('pr_el_palomar_mixto_paca', 'co_seed_el_palomar', 'ma_comercial_mixto_paca', 5.10, true, null),
  ('pr_el_palomar_pesado_placa', 'co_seed_el_palomar', 'ma_comercial_pesado_placa', 5.40, true, null),
  ('pr_el_palomar_chatarra', 'co_seed_el_palomar', 'ma_comercial_chatarra', 4.20, true, null),
  ('pr_el_palomar_guadalajara_placa_y_estructura', 'co_seed_el_palomar_guadalajara', 'ma_comercial_placa_y_estructura', 4.80, true, null),
  ('pr_el_palomar_guadalajara_placa_y_estructura_larga', 'co_seed_el_palomar_guadalajara', 'ma_comercial_placa_y_estructura_larga', 4.60, true, null),
  ('pr_el_palomar_guadalajara_pesado', 'co_seed_el_palomar_guadalajara', 'ma_comercial_pesado', 4.70, true, null),
  ('pr_el_palomar_guadalajara_mixto', 'co_seed_el_palomar_guadalajara', 'ma_comercial_mixto', 4.60, true, null),
  ('pr_el_palomar_guadalajara_paca', 'co_seed_el_palomar_guadalajara', 'ma_comercial_paca', 4.50, true, null),
  ('pr_fanosa_unicel', 'co_seed_fanosa', 'ma_comercial_unicel', 1.00, true, null),
  ('pr_fernando_rubio_madera', 'co_seed_fernando_rubio', 'ma_comercial_madera', 1.65, false, null),
  ('pr_grupak_carton_celanese', 'co_seed_grupak', 'ma_comercial_carton_celanese', 2.90, true, 'baja .20 el 6/02/26-BAJA .30 EL 28/02/26-baja .20 el 10/04/26'),
  ('pr_grupak_carton_nacional', 'co_seed_grupak', 'ma_comercial_carton_nacional', 2.00, true, 'baja .20 el 6/02/26-BAJA EL 28/02/26-baja .10 el 10/04/26'),
  ('pr_ignacio_melgoza_acero', 'co_seed_ignacio_melgoza', 'ma_comercial_acero', 14.00, true, null),
  ('pr_ignacio_melgoza_cobre_1era', 'co_seed_ignacio_melgoza', 'ma_comercial_cobre_1era', 173.00, true, null),
  ('pr_ignacio_melgoza_cobre_2da', 'co_seed_ignacio_melgoza', 'ma_comercial_cobre_2da', 182.50, true, null),
  ('pr_ignacio_melgoza_aluminio_blando', 'co_seed_ignacio_melgoza', 'ma_comercial_aluminio_blando', 31.50, true, null),
  ('pr_ignacio_melgoza_bronce', 'co_seed_ignacio_melgoza', 'ma_comercial_bronce', 128.50, true, null),
  ('pr_ignacio_melgoza_radiador_de_aluminio', 'co_seed_ignacio_melgoza', 'ma_comercial_radiador_de_aluminio', 30.50, true, null),
  ('pr_ignacio_melgoza_radiador_punta_de_cobre', 'co_seed_ignacio_melgoza', 'ma_comercial_radiador_punta_de_cobre', 93.50, true, null),
  ('pr_ignacio_melgoza_bote_aluminio', 'co_seed_ignacio_melgoza', 'ma_comercial_bote_aluminio', 34.50, true, null),
  ('pr_ignacio_melgoza_tubo', 'co_seed_ignacio_melgoza', 'ma_comercial_tubo', 31.50, true, null),
  ('pr_ignacio_melgoza_perfil_con_pintura', 'co_seed_ignacio_melgoza', 'ma_comercial_perfil_con_pintura', 50.00, true, null),
  ('pr_ignacio_melgoza_rin_grande', 'co_seed_ignacio_melgoza', 'ma_comercial_rin_grande', 36.00, true, null),
  ('pr_ignacio_melgoza_rin_chico', 'co_seed_ignacio_melgoza', 'ma_comercial_rin_chico', 53.50, true, null),
  ('pr_ignacio_melgoza_cobre_candy', 'co_seed_ignacio_melgoza', 'ma_comercial_cobre_candy', 190.00, true, null),
  ('pr_ignacio_melgoza_aluminio_macizo', 'co_seed_ignacio_melgoza', 'ma_comercial_aluminio_macizo', 34.00, true, null),
  ('pr_ignacio_melgoza_spray', 'co_seed_ignacio_melgoza', 'ma_comercial_spray', 46.00, true, null),
  ('pr_ignacio_melgoza_acero_con_pintura', 'co_seed_ignacio_melgoza', 'ma_comercial_acero_con_pintura', 11.00, true, null),
  ('pr_jaime_velazquez_archivo_blanco', 'co_seed_jaime_velazquez', 'ma_comercial_archivo_blanco', 4.70, true, '26/03/26 sube .30 centavos'),
  ('pr_jaime_velazquez_folleto_color', 'co_seed_jaime_velazquez', 'ma_comercial_folleto_color', 2.50, true, null),
  ('pr_jaime_velazquez_magazine', 'co_seed_jaime_velazquez', 'ma_comercial_magazine', 2.10, true, null),
  ('pr_jaime_velazquez_papel_revuelto_blanco_seleccion', 'co_seed_jaime_velazquez', 'ma_comercial_papel_revuelto_blanco_seleccion', 4.20, true, null),
  ('pr_jaime_velazquez_folleto', 'co_seed_jaime_velazquez', 'ma_comercial_folleto', 2.55, true, null),
  ('pr_jaime_velazquez_flete', 'co_seed_jaime_velazquez', 'ma_comercial_flete', 1.00, true, null),
  ('pr_jose_rodriguez_rebaba', 'co_seed_jose_rodriguez', 'ma_comercial_rebaba', 4.20, true, null),
  ('pr_ks_servicio_de_recoleccion_de_basura', 'co_seed_ks', 'ma_comercial_servicio_de_recoleccion_de_basura', 9243.89, true, null),
  ('pr_mac_servicio_de_recoleccion_de_basura', 'co_seed_mac', 'ma_comercial_servicio_de_recoleccion_de_basura', 6820.80, true, null),
  ('pr_majose_rebaba', 'co_seed_majose', 'ma_comercial_rebaba', 6.10, false, null),
  ('pr_majose_suacero_paca_de_segunda', 'co_seed_majose_suacero', 'ma_comercial_paca_de_segunda', 6.20, true, null),
  ('pr_majose_suacero_mixto', 'co_seed_majose_suacero', 'ma_comercial_mixto', 6.30, true, null),
  ('pr_majose_yair_paca_de_segunda', 'co_seed_majose_yair', 'ma_comercial_paca_de_segunda', 4.90, true, null),
  ('pr_majose_yair_paca_larga', 'co_seed_majose_yair', 'ma_comercial_paca_larga', 4.70, true, null),
  ('pr_majose_yair_mixto', 'co_seed_majose_yair', 'ma_comercial_mixto', 5.00, true, null),
  ('pr_majose_yair_mixto_cizallado', 'co_seed_majose_yair', 'ma_comercial_mixto_cizallado', 5.10, true, null),
  ('pr_majose_yair_pesado', 'co_seed_majose_yair', 'ma_comercial_pesado', 5.40, true, null),
  ('pr_majose_yair_mixto_para_procesar', 'co_seed_majose_yair', 'ma_comercial_mixto_para_procesar', 4.80, true, null),
  ('pr_majose_yair_placa_y_estructura_corta', 'co_seed_majose_yair', 'ma_comercial_placa_y_estructura_corta', 5.40, true, null),
  ('pr_majose_yair_placa_y_estructura_larga', 'co_seed_majose_yair', 'ma_comercial_placa_y_estructura_larga', 5.20, true, null),
  ('pr_majose_yair_rebaba', 'co_seed_majose_yair', 'ma_comercial_rebaba', 4.60, true, null),
  ('pr_monroe_mexico_servicio_de_recoleccion_de_basura', 'co_seed_monroe_mexico', 'ma_comercial_servicio_de_recoleccion_de_basura', 1.00, true, null),
  ('pr_norma_castillo_lena', 'co_seed_norma_castillo', 'ma_comercial_lena', 0.85, true, null),
  ('pr_norma_castillo_plastico_duro', 'co_seed_norma_castillo', 'ma_comercial_plastico_duro', 6.40, true, null),
  ('pr_norma_castillo_plastico', 'co_seed_norma_castillo', 'ma_comercial_plastico', 3.90, true, null),
  ('pr_norma_castillo_tarimas', 'co_seed_norma_castillo', 'ma_comercial_tarimas', 30.00, true, null),
  ('pr_norma_castillo_garrafa', 'co_seed_norma_castillo', 'ma_comercial_garrafa', 4.00, true, null),
  ('pr_plexa_unicel', 'co_seed_plexa', 'ma_comercial_unicel', 10.00, true, null),
  ('pr_raqsa_acero', 'co_seed_raqsa', 'ma_comercial_acero', 17.00, true, null),
  ('pr_raqsa_aluminio_blando', 'co_seed_raqsa', 'ma_comercial_aluminio_blando', 34.00, true, null),
  ('pr_raqsa_bote_de_aluminio', 'co_seed_raqsa', 'ma_comercial_bote_de_aluminio', 29.50, true, null),
  ('pr_raqsa_placa_de_aluminio', 'co_seed_raqsa', 'ma_comercial_placa_de_aluminio', 25.00, true, null),
  ('pr_raqsa_perfil', 'co_seed_raqsa', 'ma_comercial_perfil', 40.00, true, null),
  ('pr_raqsa_radiador_de_aluminio', 'co_seed_raqsa', 'ma_comercial_radiador_de_aluminio', 28.00, true, null),
  ('pr_raqsa_aluminio_rin_chico', 'co_seed_raqsa', 'ma_comercial_aluminio_rin_chico', 42.50, true, null),
  ('pr_raqsa_alumiio_piston', 'co_seed_raqsa', 'ma_comercial_alumiio_piston', 23.50, true, null),
  ('pr_raqsa_aluminio_tubo', 'co_seed_raqsa', 'ma_comercial_aluminio_tubo', 31.00, true, null),
  ('pr_raqsa_rin_de_aluminio', 'co_seed_raqsa', 'ma_comercial_rin_de_aluminio', 43.00, true, null),
  ('pr_raqsa_rin_grande', 'co_seed_raqsa', 'ma_comercial_rin_grande', 33.50, true, null),
  ('pr_raqsa_cobre_de_primera', 'co_seed_raqsa', 'ma_comercial_cobre_de_primera', 158.00, true, null),
  ('pr_raqsa_radiador_punta_de_cobre', 'co_seed_raqsa', 'ma_comercial_radiador_punta_de_cobre', 72.50, true, null),
  ('pr_raqsa_cobre_de_segunda', 'co_seed_raqsa', 'ma_comercial_cobre_de_segunda', 149.00, true, null),
  ('pr_raqsa_bronce', 'co_seed_raqsa', 'ma_comercial_bronce', 107.00, true, null),
  ('pr_raqsa_bronce_de_manganeso', 'co_seed_raqsa', 'ma_comercial_bronce_de_manganeso', 102.00, true, null),
  ('pr_raqsa_aluminio_macizo', 'co_seed_raqsa', 'ma_comercial_aluminio_macizo', 34.00, true, null),
  ('pr_raqsa_radiador_laton', 'co_seed_raqsa', 'ma_comercial_radiador_laton', 89.50, true, null),
  ('pr_raqsa_aluminio_traste', 'co_seed_raqsa', 'ma_comercial_aluminio_traste', 38.00, true, null),
  ('pr_ricardo_garcia_mendieta_caple', 'co_seed_ricardo_garcia_mendieta', 'ma_comercial_caple', 1.60, true, '9/03/26'),
  ('pr_ricardo_garcia_mendieta_carton_americano', 'co_seed_ricardo_garcia_mendieta', 'ma_comercial_carton_americano', 3.30, true, null),
  ('pr_ricardo_garcia_mendieta_carton_nacional_en_pacas', 'co_seed_ricardo_garcia_mendieta', 'ma_comercial_carton_nacional_en_pacas', 2.20, false, null),
  ('pr_ricardo_garcia_mendieta_carton_limpio', 'co_seed_ricardo_garcia_mendieta', 'ma_comercial_carton_limpio', 3.50, false, null),
  ('pr_servin_acero', 'co_seed_servin', 'ma_comercial_acero', 20.00, true, null),
  ('pr_servin_aluminio_blando', 'co_seed_servin', 'ma_comercial_aluminio_blando', 23.00, true, null),
  ('pr_servin_bronce', 'co_seed_servin', 'ma_comercial_bronce', 93.00, true, null),
  ('pr_servin_cobre_de_segunda', 'co_seed_servin', 'ma_comercial_cobre_de_segunda', 129.00, true, null),
  ('pr_servin_rebaba_de_bronce', 'co_seed_servin', 'ma_comercial_rebaba_de_bronce', 70.00, true, null),
  ('pr_servin_aluminio_macizo', 'co_seed_servin', 'ma_comercial_aluminio_macizo', 40.50, true, null),
  ('pr_servin_bote_de_aluminio', 'co_seed_servin', 'ma_comercial_bote_de_aluminio', 20.00, true, null),
  ('pr_servin_perfil', 'co_seed_servin', 'ma_comercial_perfil', 24.00, true, null),
  ('pr_servin_radiador_de_aluminio', 'co_seed_servin', 'ma_comercial_radiador_de_aluminio', 23.00, true, null),
  ('pr_servin_cobre_de_primera', 'co_seed_servin', 'ma_comercial_cobre_de_primera', 140.00, true, null),
  ('pr_servin_acero_traste', 'co_seed_servin', 'ma_comercial_acero_traste', 6.00, true, null),
  ('pr_servin_candy', 'co_seed_servin', 'ma_comercial_candy', 210.00, false, null),
  ('pr_servin_radiador_de_cobre', 'co_seed_servin', 'ma_comercial_radiador_de_cobre', 40.00, false, null),
  ('pr_servin_rin_chico', 'co_seed_servin', 'ma_comercial_rin_chico', 52.00, false, null),
  ('pr_setex_servicio_de_recoleccion_de_basura', 'co_seed_setex', 'ma_comercial_servicio_de_recoleccion_de_basura', 1.00, true, null),
  ('pr_sra_rita_tarimas', 'co_seed_sra_rita', 'ma_comercial_tarimas', 35.00, true, null),
  ('pr_yorozu_servicio_de_recoleccion_de_basura', 'co_seed_yorozu', 'ma_comercial_servicio_de_recoleccion_de_basura', 1.00, true, null)
on conflict (id) do update
set
  company_id = excluded.company_id,
  material_id = excluded.material_id,
  final_price = excluded.final_price,
  is_active = excluded.is_active,
  notes = excluded.notes;

commit;
